ID,PID,Quantity,Price,Date,Time
1,73,1,20,3/18/2025,0:00:00
2,54,2,5,3/18/2025,0:00:00
3,78,2,2,3/18/2025,0:00:00
4,20,1,90,3/18/2025,0:00:00
5,72,1,25,3/18/2025,0:00:00
6,52,1,10,3/18/2025,0:00:00
7,70,1,3,3/18/2025,0:00:00
8,42,1,45,3/18/2025,0:00:00
9,76,1,30,3/18/2025,0:00:00
10,38,1,16,3/18/2025,0:00:00
11,39,2,2,3/18/2025,0:00:00
12,31,1,250,3/18/2025,0:00:00
13,26,2,450,3/18/2025,0:00:00
14,17,2,80,3/18/2025,0:00:00
15,34,1,80,3/18/2025,0:00:00
16,4,1,160,3/18/2025,0:00:00
17,11,1,130,3/18/2025,0:00:00
18,3,1,380,3/18/2025,0:00:00
19,42,1,45,3/19/2025,0:00:00
20,68,11,10,3/19/2025,0:00:00
21,47,1,250,3/19/2025,0:00:00
22,42,1,45,3/19/2025,0:00:00
23,42,1,45,3/19/2025,0:00:00
24,51,1,15,3/19/2025,0:00:00
25,59,2,140,3/19/2025,0:00:00
26,44,1,110,3/19/2025,0:00:00
27,45,1,130,3/19/2025,0:00:00
28,5,1,15,3/19/2025,0:00:00
29,16,1,50,3/19/2025,0:00:00
30,18,2,2.5,3/19/2025,0:00:00
31,36,1,95,3/19/2025,0:00:00
32,31,1,250,3/19/2025,0:00:00
33,37,1,140,3/19/2025,0:00:00
34,53,1,125,3/19/2025,0:00:00
35,8,1,130,3/19/2025,0:00:00
36,42,1,45,3/19/2025,0:00:00
37,69,1,100,3/19/2025,0:00:00
38,42,1,45,3/20/2025,0:00:00
39,25,2,180,3/20/2025,0:00:00
40,59,1,140,3/20/2025,0:00:00
41,30,3,160,3/20/2025,0:00:00
42,27,2,260,3/20/2025,0:00:00
43,7,1,240,3/20/2025,0:00:00
44,46,1,70,3/20/2025,0:00:00
45,32,2,25,3/20/2025,0:00:00
46,7,1,250,3/20/2025,0:00:00
47,63,1,140,3/20/2025,0:00:00
48,58,1,120,3/20/2025,0:00:00
49,67,1,5,3/20/2025,0:00:00
50,42,2,45,3/20/2025,0:00:00
51,82,1,60,3/20/2025,0:00:00
52,42,1,45,3/20/2025,0:00:00
53,13,1,70,3/20/2025,0:00:00
54,42,1,45,3/20/2025,0:00:00
55,77,2,150,3/20/2025,0:00:00
56,29,1,330,3/20/2025,0:00:00
57,42,2,45,3/21/2025,0:00:00
58,17,1,80,3/21/2025,0:00:00
59,42,1,45,3/21/2025,0:00:00
60,48,1,120,3/21/2025,0:00:00
61,49,1,75,3/21/2025,0:00:00
62,64,1,170,3/21/2025,0:00:00
63,10,1,160,3/21/2025,0:00:00
64,35,1,135,3/21/2025,0:00:00
65,33,1,10,3/21/2025,0:00:00
66,82,1,60,3/21/2025,0:00:00
67,40,4,10,3/21/2025,0:00:00
68,30,1,160,3/21/2025,0:00:00
69,65,1,180,3/22/2025,0:00:00
70,51,1,15,3/22/2025,0:00:00
71,62,1,130,3/22/2025,0:00:00
72,28,1,380,3/22/2025,0:00:00
73,30,2,160,3/22/2025,0:00:00
74,9,1,95,3/22/2025,0:00:00
75,30,1,160,3/22/2025,0:00:00
76,22,1,50,3/22/2025,0:00:00
77,42,1,45,3/22/2025,0:00:00
78,8,1,130,3/22/2025,0:00:00
79,82,1,60,3/22/2025,0:00:00
80,57,1,120,3/22/2025,0:00:00
81,71,2,15,3/22/2025,0:00:00
82,19,1,35,3/22/2025,0:00:00
83,74,2,30,3/22/2025,0:00:00
84,24,1,180,3/23/2025,0:00:00
85,75,2,25,3/23/2025,0:00:00
86,56,1,25,3/23/2025,0:00:00
87,2,1,260,3/23/2025,0:00:00
88,82,1,60,3/24/2025,0:00:00
89,61,1,150,3/24/2025,0:00:00
90,82,1,60,3/24/2025,0:00:00
91,41,6,35,3/24/2025,0:00:00
92,51,1,15,3/24/2025,0:00:00
93,12,1,5,3/24/2025,0:00:00
94,66,1,3,3/24/2025,0:00:00
95,80,1,2,3/24/2025,0:00:00
96,14,1,50,3/24/2025,0:00:00
97,21,4,15,3/24/2025,0:00:00
98,42,1,45,3/24/2025,0:00:00
99,82,1,60,3/24/2025,0:00:00
100,55,2,35,3/24/2025,0:00:00
101,81,1,2,3/24/2025,0:00:00
102,42,1,45,3/24/2025,0:00:00
103,56,1,25,3/25/2025,0:00:00
104,50,1,230,3/25/2025,0:00:00
105,42,1,45,3/25/2025,0:00:00
106,1,1,170,3/25/2025,0:00:00
107,56,2,25,3/25/2025,0:00:00
108,51,1,15,3/25/2025,0:00:00
109,82,1,60,3/25/2025,0:00:00
110,42,1,45,3/25/2025,0:00:00
111,42,1,45,3/25/2025,0:00:00
112,79,1,50,3/25/2025,0:00:00
113,6,1,100,3/25/2025,0:00:00
114,43,2,125,3/25/2025,0:00:00
115,15,1,50,3/25/2025,0:00:00
116,23,1,250,3/25/2025,0:00:00
117,24,1,180,3/25/2025,0:00:00
118,84,1,1150,4/8/2025,00:16:38
119,79,1,50,4/8/2025,00:18:24
120,27,2,260,4/8/2025,00:19:10
121,85,1,5,4/8/2025,00:20:00
122,82,2,60,4/8/2025,00:21:53
123,86,1,45,4/8/2025,00:22:20
124,77,1,150,4/8/2025,00:23:13
125,77,2,150,4/8/2025,00:23:40
126,79,1,50,4/8/2025,00:24:14
127,87,1,35,4/8/2025,00:24:46
128,88,3,5,4/8/2025,00:26:07
129,31,1,250,4/8/2025,00:27:16
130,42,1,45,4/8/2025,00:27:43
131,42,1,45,4/8/2025,00:28:14
132,89,1,90,4/8/2025,00:37:28
133,90,1,120,4/9/2025,14:10:01
134,91,1,450,3/26/2025,14:12:48
135,17,1,80,3/26/2025,14:14:16
136,92,1,420,3/26/2025,14:14:50
137,17,1,80,3/26/2025,14:15:49
138,42,1,45,3/26/2025,14:16:13
139,93,1,510,3/26/2025,14:16:39
140,94,1,10,3/26/2025,14:17:43
141,32,1,25,3/26/2025,14:19:26
142,24,1,180,3/26/2025,14:19:56
143,95,1,30,3/26/2025,14:20:33
144,8,1,130,3/26/2025,14:21:49
145,42,1,45,4/9/2025,14:22:32
146,34,1,80,3/26/2025,14:22:59
147,3,1,380,3/26/2025,14:23:30
148,29,1,330,3/26/2025,14:23:58
149,42,1,45,3/27/2025,14:25:35
150,96,2,540,3/27/2025,14:26:18
151,97,2,15,3/27/2025,14:27:26
152,98,7,4,3/27/2025,14:30:09
153,39,1,2,3/27/2025,14:31:05
154,99,1,40,3/27/2025,14:32:18
155,100,1,140,3/27/2025,14:33:37
156,34,1,80,3/27/2025,14:34:39
157,69,1,100,3/27/2025,14:35:24
158,24,1,180,3/27/2025,14:35:48
159,4,1,160,3/27/2025,14:36:16
160,102,1,250,3/27/2025,14:36:54
161,82,1,60,3/27/2025,14:38:29
162,77,1,150,3/28/2025,14:38:50
163,103,3,250,4/9/2025,14:44:11
164,104,1,160,4/9/2025,14:45:54
165,4,1,160,4/9/2025,14:47:12
166,42,1,45,3/28/2025,14:48:05
167,77,1,150,3/28/2025,14:48:39
168,40,1,10,3/28/2025,14:49:06
169,94,1,14,3/28/2025,14:49:36
170,105,2,50,3/28/2025,14:50:11
171,15,1,50,3/28/2025,14:51:16
172,106,2,40,3/28/2025,14:51:50
173,107,8,2.5,3/28/2025,14:52:30
174,108,1,450,3/28/2025,14:53:44
175,109,1,60,3/28/2025,14:55:02
176,110,1,40,3/28/2025,14:57:02
177,111,1,50,3/28/2025,14:59:56
178,112,1,100,3/28/2025,15:00:41
179,113,1,75,3/28/2025,15:01:47
180,42,2,45,4/9/2025,15:02:58
181,15,1,50,3/28/2025,15:03:28
182,42,1,45,3/28/2025,15:04:11
183,24,1,180,3/28/2025,15:04:38
184,114,4,137.5,3/28/2025,15:05:17
185,24,1,180,3/28/2025,15:06:18
186,89,1,90,3/28/2025,15:06:47
187,13,1,70,3/28/2025,15:07:19
188,89,1,90,3/28/2025,15:08:05
189,115,1,100,3/28/2025,15:08:45
190,116,1,450,4/9/2025,15:59:59
191,117,2,30,4/9/2025,16:15:51
192,118,2,5,4/9/2025,16:20:13
193,119,1,120,4/9/2025,16:21:02
194,77,1,150,4/9/2025,16:23:12
195,120,1,35,4/9/2025,16:23:42
196,121,1,10,4/9/2025,16:24:34
197,122,1,430,4/9/2025,16:00:00
198,67,2,5,4/9/2025,18:14:35
199,29,1,330,4/9/2025,20:46:20
200,89,1,90,4/9/2025,21:27:47
201,123,2,5,4/9/2025,21:28:47
202,29,1,330,4/9/2025,23:47:28
203,124,1,130,4/9/2025,23:48:17
204,125,1,8,4/9/2025,23:50:25
205,82,1,60,4/9/2025,23:52:04
206,126,1,10,4/9/2025,23:57:00
207,67,1,5,4/9/2025,23:59:00
208,82,1,60,4/10/2025,17:12:44
209,127,2,100,4/10/2025,17:13:47
210,128,1,140,4/10/2025,17:15:06
211,118,4,5,4/10/2025,17:16:21
212,129,1,40,4/10/2025,17:16:42
213,67,2,5,4/10/2025,17:17:46
214,130,1,150,4/10/2025,17:18:17
215,131,1,210,4/10/2025,19:33:35
216,30,1,160,4/10/2025,19:34:35
217,42,1,45,4/10/2025,20:05:25
218,132,2,80,4/10/2025,20:42:29
219,42,1,45,4/10/2025,20:43:29
220,51,1,15,4/10/2025,20:45:56
221,42,2,45,4/10/2025,21:14:52
222,133,1,1300,4/11/2025,15:56:07
223,134,1,150,4/11/2025,15:56:55
224,32,1,25,4/11/2025,15:57:59
225,90,1,120,4/11/2025,22:44:59
226,135,1,60,4/11/2025,22:45:28
227,82,1,60,4/11/2025,22:46:14
228,4,1,160,4/11/2025,22:46:43
229,136,3,2,4/11/2025,22:47:07
230,11,1,140,4/11/2025,22:48:04
231,67,1,5,4/11/2025,22:49:00
232,137,1,80,4/12/2025,16:29:10
233,138,1,40,4/12/2025,16:29:47
234,79,1,50,4/12/2025,16:30:33
235,77,1,150,4/12/2025,16:48:15
236,67,2,5,4/12/2025,16:48:48
237,139,4,15,4/12/2025,23:57:08
238,82,1,60,4/12/2025,23:57:59
239,3,1,380,4/13/2025,21:10:00
240,140,1,45,4/14/2025,16:16:50
241,111,1,50,4/14/2025,16:17:25
242,141,2,2,4/14/2025,16:17:53
243,142,1,280,4/14/2025,16:18:55
244,102,1,260,4/14/2025,16:19:56
245,143,1,5,4/14/2025,16:20:59
246,144,1,70,4/14/2025,19:49:56
247,42,1,45,4/14/2025,19:50:54
248,145,1,270,4/14/2025,19:51:26
249,69,1,100,4/15/2025,23:56:28
250,21,1,10,4/15/2025,23:56:45
251,146,1,260,4/15/2025,23:57:05
252,51,11,14.55,4/15/2025,23:58:59
253,51,1,15,4/15/2025,23:59:00
254,29,1,330,4/15/2025,23:59:01
255,24,1,180,4/15/2025,23:59:04
256,24,1,180,4/15/2025,23:59:05
257,42,1,45,4/15/2025,23:59:06
258,51,1,15,4/15/2025,23:59:08
259,42,1,45,4/16/2025,21:23:50
260,67,2,5,4/16/2025,21:24:06
261,17,1,80,4/16/2025,21:24:23
262,17,1,80,4/16/2025,21:24:52
263,147,1,85,4/16/2025,23:57:00
264,29,1,330,4/17/2025,14:04:00
265,148,1,45,4/17/2025,15:05:00
266,56,1,25,4/17/2025,15:07:00
267,111,1,50,4/17/2025,15:08:00
268,149,1,95,4/17/2025,15:09:00
269,4,2,160,4/17/2025,15:10:00
270,126,2,10,4/17/2025,15:11:00
271,150,1,250,4/17/2025,16:11:00
272,151,1,100,4/17/2025,16:12:00
273,152,2,30,4/17/2025,16:14:00
274,153,2,5,4/17/2025,16:15:00
275,154,1,50,4/17/2025,16:16:00
276,155,1,100,4/17/2025,18:17:00
277,42,1,45,4/17/2025,21:19:00
278,17,1,80,4/17/2025,21:21:00
279,4,1,160,4/17/2025,22:20:00
280,156,1,330,4/17/2025,23:21:00
281,157,2,15,4/18/2025,16:33:26
282,158,2,5,4/18/2025,16:35:10
283,159,4,10,4/18/2025,16:35:53
284,19,1,35,4/18/2025,16:36:28
285,160,1,25,4/18/2025,16:36:49
286,161,4,12,4/18/2025,16:37:22
287,162,30,5,4/18/2025,16:38:32
288,163,17,2,4/18/2025,16:40:44
289,164,43,1,4/18/2025,16:41:33
290,69,1,100,4/18/2025,16:42:33
291,77,4,150,4/18/2025,16:42:51
292,34,1,80,4/18/2025,23:40:58
293,165,1,280,4/18/2025,23:41:21
294,4,1,160,4/18/2025,23:42:07
295,13,1,70,4/18/2025,23:42:30
296,78,2,2,4/19/2025,23:52:57
297,77,1,150,4/19/2025,23:53:34
298,67,4,5,4/19/2025,23:54:06
299,104,1,170,4/19/2025,23:54:39
300,8,1,130,4/19/2025,23:54:58
301,89,1,90,4/19/2025,23:55:19
302,82,1,60,4/19/2025,23:55:40
303,13,1,70,4/19/2025,23:55:58
304,121,1,10,4/19/2025,23:56:13
305,27,3,250,4/20/2025,21:02:00
306,24,1,180,4/20/2025,21:03:00
307,126,1,10,4/20/2025,22:04:00
308,24,1,180,4/20/2025,22:30:00
309,107,4,2.5,4/21/2025,14:45:08
310,127,1,90,4/21/2025,14:45:46
311,106,1,40,4/21/2025,14:46:18
312,89,1,90,4/21/2025,14:46:58
313,166,2,160,4/21/2025,14:47:16
314,32,1,25,4/21/2025,14:48:29
315,126,2,10,4/21/2025,18:38:49
316,28,1,380,4/21/2025,21:02:00
317,42,1,45,4/21/2025,22:03:00
318,167,2,10,4/22/2025,15:13:00
319,126,2,10,4/22/2025,16:14:00
320,29,1,330,4/22/2025,19:47:00
321,42,1,45,4/22/2025,20:15:00
322,42,2,45,4/22/2025,21:16:00
323,168,1,120,4/22/2025,21:45:00
324,70,2,3,4/22/2025,21:49:00
325,169,1,250,4/22/2025,22:19:00
326,24,1,180,4/22/2025,22:25:00
327,15,1,50,4/22/2025,22:30:00
328,31,1,250,4/22/2025,23:21:00
329,17,1,80,4/23/2025,13:48:26
330,1,2,170,4/23/2025,13:55:21
331,42,1,45,4/23/2025,13:55:52
332,4,1,160,4/23/2025,13:56:42
333,42,1,45,4/23/2025,14:48:41
334,17,1,80,4/23/2025,14:49:24
335,26,1,470,4/23/2025,14:49:41
336,170,1,290,4/23/2025,16:33:14
337,171,1,210,4/23/2025,16:35:11
338,172,1,48,4/23/2025,16:37:21
339,15,1,50,4/23/2025,16:43:22
340,81,1,2,4/23/2025,16:44:03
341,89,1,90,4/23/2025,16:48:38
342,17,2,80,4/23/2025,19:49:52
343,132,2,80,4/23/2025,19:50:14
344,46,1,70,4/23/2025,19:50:53
345,46,1,55,4/23/2025,19:51:48
346,72,2,25,4/23/2025,19:52:08
347,42,1,45,4/23/2025,21:57:22
348,17,1,80,4/23/2025,22:43:27
349,173,1,65,4/23/2025,22:43:49
350,24,1,180,4/23/2025,22:44:25
351,17,1,80,4/23/2025,22:48:46
352,56,1,25,4/23/2025,22:49:12
353,174,4,5,4/24/2025,22:35:22
354,8,1,140,4/24/2025,22:35:55
355,42,1,45,4/24/2025,22:36:13
356,175,1,125,4/24/2025,22:36:53
357,3,1,380,4/24/2025,22:38:07
358,29,1,330,4/25/2025,14:02:51
359,42,1,45,4/25/2025,14:03:09
360,31,2,250,4/25/2025,14:03:30
361,89,1,90,4/25/2025,14:04:03
362,176,1,45,4/25/2025,20:36:28
363,68,1,10,4/25/2025,20:37:46
364,177,1,150,4/25/2025,20:38:13
365,15,1,50,4/25/2025,20:39:02
366,121,2,15,4/25/2025,22:21:02
367,178,2,55,4/25/2025,22:21:22
368,89,1,90,4/26/2025,19:35:40
369,179,1,260,4/26/2025,19:36:04
370,173,8,65,4/26/2025,19:37:49
371,180,1,130,4/26/2025,19:38:33
372,132,2,80,4/26/2025,19:39:27
373,24,1,180,4/26/2025,23:11:16
374,181,1,310,4/26/2025,23:11:32
375,31,1,250,4/26/2025,23:12:38
376,177,1,140,4/27/2025,23:30:03
377,17,1,80,4/27/2025,23:30:23
378,24,1,180,4/27/2025,23:30:46
379,31,1,250,4/27/2025,23:32:00
380,42,1,45,4/28/2025,16:35:00
381,82,1,60,4/28/2025,16:36:00
382,67,2,5,4/28/2025,18:36:00
383,82,1,60,4/28/2025,20:37:00
384,182,1,200,4/28/2025,21:38:00
385,17,1,80,4/28/2025,21:38:01
386,89,1,90,4/28/2025,22:39:00
387,183,1,290,4/29/2025,21:26:13
388,17,1,80,4/29/2025,21:26:56
389,184,2,2.5,4/29/2025,21:27:14
390,68,10,10,4/29/2025,21:27:47
391,31,1,250,4/29/2025,21:28:08
392,31,1,250,4/29/2025,21:28:20
393,24,1,180,4/29/2025,21:28:37
394,28,1,380,4/29/2025,22:47:46
395,79,3,50,4/30/2025,16:06:26
396,185,1,140,4/30/2025,16:07:32
397,4,1,160,4/30/2025,16:08:36
398,6,1,100,4/30/2025,16:11:43
399,102,1,250,4/30/2025,16:13:51
400,17,2,80,4/30/2025,16:14:27
401,186,1,60,4/30/2025,16:29:48
402,4,1,160,4/30/2025,23:50:45
403,24,1,180,4/30/2025,23:51:35
404,42,1,45,4/30/2025,23:52:20
405,187,1,110,4/30/2025,23:55:00
406,51,1,15,4/30/2025,23:57:58
407,67,1,5,4/30/2025,23:58:26
408,3,1,380,4/30/2025,23:58:52
409,34,1,80,4/30/2025,23:59:07
410,114,1,150,5/1/2025,21:51:09
411,188,2,140,5/1/2025,21:51:51
412,4,1,160,5/1/2025,21:52:49
413,24,1,180,5/1/2025,21:53:13
414,189,1,690,5/1/2025,21:54:00
415,190,1,450,5/1/2025,21:55:21
416,191,1,65,5/1/2025,21:55:58
417,111,1,50,5/1/2025,21:56:37
418,56,1,25,5/1/2025,21:57:01
419,7,1,260,5/1/2025,21:57:17
420,29,1,330,5/1/2025,23:46:35
421,79,1,50,5/2/2025,17:34:19
422,51,1,15,5/2/2025,17:34:46
423,42,1,45,5/2/2025,17:35:12
424,192,1,960,5/2/2025,17:35:49
425,193,1,170,5/2/2025,17:36:50
426,194,4,8,5/2/2025,17:39:30
427,164,8,1,5/2/2025,17:41:26
428,195,1,80,5/2/2025,17:42:17
429,196,1,40,5/2/2025,17:43:07
430,179,1,260,5/2/2025,17:44:00
431,193,1,170,5/2/2025,17:44:22
432,179,1,250,5/2/2025,17:44:49
433,24,1,180,5/2/2025,22:16:28
434,35,1,130,5/2/2025,22:17:00
435,4,1,160,5/2/2025,22:17:41
436,89,1,90,5/2/2025,23:41:23
437,82,1,60,5/2/2025,23:41:39
438,197,1,50,5/2/2025,17:42:00
439,168,1,130,5/3/2025,16:27:13
440,160,1,25,5/3/2025,16:27:46
441,19,1,35,5/3/2025,16:28:27
442,198,1,40,5/3/2025,16:28:56
443,17,1,80,5/3/2025,16:29:27
444,50,1,230,5/3/2025,16:29:55
445,25,1,190,5/3/2025,16:30:28
446,67,2,5,5/3/2025,16:32:07
447,46,1,50,5/3/2025,16:32:53
448,72,2,20,5/3/2025,16:39:27
449,199,1,15,5/3/2025,16:39:48
450,4,2,160,5/3/2025,16:40:15
451,15,1,55,5/3/2025,20:03:33
452,42,1,45,5/3/2025,20:03:57
453,200,2,300,5/3/2025,20:04:22
454,180,1,130,5/3/2025,20:34:07
455,13,1,70,5/3/2025,22:06:40
456,31,1,250,5/3/2025,23:52:35
457,29,1,330,5/4/2025,21:48:00
458,24,1,180,5/4/2025,21:49:00
459,201,1,840,5/4/2025,22:49:00
460,202,2,110,5/5/2025,23:21:35
461,203,1,280,5/5/2025,23:22:28
462,25,1,200,5/5/2025,23:24:23
463,17,1,80,5/5/2025,23:25:05
464,77,1,150,5/5/2025,23:25:22
465,35,1,135,5/5/2025,23:26:31
466,89,1,90,5/6/2025,20:22:13
467,181,1,300,5/6/2025,20:22:34
468,42,1,45,5/6/2025,20:22:56
469,1,1,170,5/6/2025,23:05:05
470,42,1,45,5/6/2025,23:05:25
471,24,1,180,5/6/2025,23:05:42
472,204,2,15,5/6/2025,23:06:09
473,24,1,180,5/6/2025,23:07:08
474,29,1,330,5/6/2025,23:07:23
475,69,1,100,5/7/2025,23:59:01
476,69,1,100,5/7/2025,14:59:00
477,205,1,135,5/7/2025,15:00:00
478,147,1,65,5/7/2025,15:01:00
479,68,2,10,5/7/2025,15:02:00
480,42,1,45,5/7/2025,16:03:00
481,69,1,100,5/7/2025,19:03:00
482,82,1,60,5/7/2025,20:04:00
483,206,1,130,5/7/2025,21:05:00
484,95,1,30,5/7/2025,21:06:00
485,207,1,480,5/8/2025,20:38:15
486,208,1,150,5/8/2025,20:39:17
487,200,2,300,5/8/2025,20:51:03
488,24,1,180,5/8/2025,20:51:37
489,209,1,150,5/9/2025,19:43:16
490,11,1,140,5/9/2025,19:45:34
491,128,1,140,5/9/2025,19:46:00
492,118,4,5,5/9/2025,19:46:23
493,94,1,14,5/9/2025,19:46:59
494,210,1,10,5/9/2025,19:47:23
495,89,1,90,5/9/2025,19:48:15
496,211,1,6,5/9/2025,19:48:38
497,9,1,95,5/9/2025,19:50:49
498,82,1,60,5/9/2025,23:57:41
499,212,1,80,5/9/2025,23:57:54
500,42,1,45,5/10/2025,18:16:00
501,29,1,330,5/10/2025,21:17:00
502,24,1,180,5/10/2025,22:17:00
503,31,1,250,5/10/2025,23:18:00
504,20,2,90,5/10/2025,23:19:00
505,121,1,10,5/10/2025,23:20:00
506,126,1,10,5/10/2025,22:41:00
507,188,1,145,5/11/2025,23:55:14
508,3,1,380,5/11/2025,23:55:30
509,213,1,760,5/11/2025,23:55:55
510,8,1,130,5/11/2025,23:56:43
511,179,1,260,5/12/2025,19:54:29
512,56,1,25,5/12/2025,19:54:54
513,214,1,140,5/12/2025,23:58:00
514,57,1,120,5/12/2025,23:59:02
515,215,1,10,5/13/2025,21:48:22
516,4,1,160,5/13/2025,21:49:30
517,31,1,250,5/13/2025,21:49:42
518,29,1,330,5/13/2025,23:47:16
519,90,1,120,5/13/2025,23:47:39
520,24,1,180,5/14/2025,23:36:28
521,42,1,45,5/14/2025,23:36:52
522,67,2,5,5/14/2025,23:37:14
523,95,1,30,5/14/2025,23:37:37
524,134,1,150,5/14/2025,23:37:59
525,42,1,45,5/14/2025,23:38:21
526,89,1,90,5/14/2025,23:38:40
527,42,1,45,5/14/2025,23:38:59
528,24,1,180,5/14/2025,23:39:24
529,42,1,45,5/14/2025,23:39:44
530,216,2,700,5/14/2025,23:39:00
531,13,1,70,5/15/2025,20:03:58
532,220,1,415,5/15/2025,20:04:14
533,218,1,250,5/15/2025,20:05:13
534,219,1,125,5/15/2025,20:07:00
535,29,1,330,5/15/2025,20:08:45
536,3,1,380,5/15/2025,23:25:35
537,200,2,300,5/15/2025,23:26:01
538,42,1,45,5/15/2025,23:27:41
539,1,1,170,5/16/2025,20:18:20
540,146,1,250,5/16/2025,22:54:37
541,221,1,55,5/16/2025,22:55:08
542,165,1,280,5/16/2025,22:56:02
543,31,1,250,5/16/2025,22:56:20
544,94,1,14,5/16/2025,22:56:36
545,222,1,160,5/16/2025,22:57:02
546,131,1,200,5/16/2025,22:57:52
547,77,1,150,5/16/2025,22:58:19
548,29,1,330,5/16/2025,22:59:03
549,35,1,135,5/16/2025,23:50:31
550,223,1,780,5/16/2025,23:51:31
551,42,1,45,5/16/2025,23:52:31
552,89,1,90,5/16/2025,23:52:46
553,221,1,55,5/13/2025,23:55:17
554,220,1,415,5/17/2025,23:53:24
555,17,1,80,5/17/2025,23:53:46
556,42,1,45,5/17/2025,23:54:14
557,13,1,70,5/17/2025,23:54:41
558,160,1,30,5/17/2025,23:54:59
559,31,1,250,5/17/2025,23:55:25
560,24,1,180,5/17/2025,23:55:45
561,77,1,150,5/17/2025,23:56:00
562,24,1,180,5/17/2025,23:56:25
563,31,2,250,5/17/2025,23:56:38
564,224,1,80,5/17/2025,23:57:05
565,17,2,80,5/18/2025,23:55:44
566,3,1,380,5/18/2025,23:56:16
567,95,1,30,5/18/2025,23:57:23
568,224,1,80,5/18/2025,23:57:40
569,225,1,110,5/19/2025,20:38:40
570,42,1,45,5/19/2025,20:39:32
571,226,1,140,5/19/2025,20:39:58
572,42,1,45,5/19/2025,20:40:43
573,227,1,140,5/19/2025,20:41:06
574,17,2,80,5/19/2025,20:41:51
575,42,1,45,5/19/2025,23:59:34
576,24,1,180,5/19/2025,23:59:48
577,31,1,250,5/19/2025,23:59:59
578,42,1,45,5/19/2025,23:59:55
579,108,1,550,5/20/2025,15:15:54
580,109,1,60,5/20/2025,15:16:23
581,110,1,40,5/20/2025,15:17:00
582,228,1,65,5/20/2025,15:17:30
583,56,1,25,5/20/2025,15:18:56
584,209,1,150,5/20/2025,15:19:14
585,229,1,340,5/20/2025,15:19:49
586,230,3,260,5/20/2025,15:21:41
587,4,1,160,5/20/2025,15:25:21
588,212,1,80,5/20/2025,15:26:37
589,56,1,25,5/20/2025,15:29:24
590,42,1,45,5/20/2025,15:29:47
591,231,1,260,5/20/2025,15:30:11
592,6,1,100,5/20/2025,15:32:49
,,,,,
594,232,1,60,5/20/2025,15:33:34
595,113,1,70,5/20/2025,15:34:59
596,126,1,10,5/20/2025,15:35:59
,,,,,
598,23,3,250,5/20/2025,15:37:18
599,234,1,150,5/20/2025,16:00:59
600,34,1,80,5/20/2025,16:01:55
601,235,2,40,5/20/2025,16:10:00
602,34,1,80,5/20/2025,17:00:00
603,17,1,80,5/20/2025,20:30:00
604,42,1,45,5/20/2025,20:35:00
605,24,1,180,5/20/2025,20:36:00
606,95,1,30,5/20/2025,20:37:00
607,203,1,260,5/20/2025,20:40:00
608,50,1,230,5/20/2025,20:41:00
609,232,1,60,5/20/2025,20:42:00
610,236,4,20,5/20/2025,20:43:00
611,26,1,450,5/20/2025,20:44:00
612,228,1,60,5/20/2025,20:45:00
613,46,1,51,5/20/2025,20:46:00
614,71,2,20,5/20/2025,20:47:00
615,237,1,130,5/20/2025,20:48:00
616,32,1,25,5/20/2025,20:49:00
617,238,1,10,5/20/2025,20:50:00
618,93,1,510,5/20/2025,20:51:00
619,210,1,10,5/20/2025,20:53:00
620,56,1,25,5/20/2025,20:54:00
621,239,1,15,5/20/2025,22:00:00
622,89,1,90,5/20/2025,23:00:00
623,42,1,45,5/21/2025,23:56:00
624,29,1,330,5/21/2025,23:56:13
625,24,1,180,5/21/2025,23:56:52
626,69,1,100,5/21/2025,23:57:07
627,11,1,130,5/21/2025,23:58:00
628,57,2,120,5/22/2025,23:44:51
629,56,1,25,5/22/2025,23:45:17
630,42,1,45,5/22/2025,23:45:32
631,102,1,250,5/22/2025,23:45:49
632,42,1,45,5/22/2025,23:46:07
633,247,1,145,5/23/2025,20:30:07
634,89,1,90,5/23/2025,20:30:57
635,48,1,120,5/23/2025,20:31:32
636,240,2,10,5/23/2025,20:32:16
637,70,1,3,5/23/2025,20:33:20
638,17,1,80,5/23/2025,20:33:38
639,155,2,100,5/23/2025,21:44:02
640,241,2,140,5/23/2025,21:44:30
641,242,1,135,5/23/2025,21:45:50
642,29,1,330,5/23/2025,22:52:47
643,89,1,90,5/23/2025,21:40:00
644,3,1,380,5/23/2025,22:54:08
645,156,1,350,5/24/2025,20:25:00
646,82,1,60,5/24/2025,20:25:25
647,68,1,10,5/24/2025,20:26:00
648,67,4,5,5/24/2025,20:26:19
649,185,2,135,5/24/2025,20:26:49
650,221,1,50,5/24/2025,20:29:27
651,42,1,45,5/24/2025,20:29:41
652,126,1,10,5/24/2025,20:30:02
653,243,1,180,5/24/2025,20:31:03
654,244,1,250,5/24/2025,20:33:02
655,24,1,180,5/24/2025,22:00:50
656,4,1,160,5/25/2025,21:02:00
657,245,1,100,5/26/2025,23:45:50
658,4,1,160,5/26/2025,23:46:44
659,29,1,330,5/26/2025,23:47:19
660,17,1,80,5/26/2025,23:47:43
661,42,1,45,5/26/2025,23:48:12
662,111,1,50,5/26/2025,23:48:31
663,88,4,5,5/26/2025,23:49:38
664,246,1,780,5/27/2025,20:04:19
665,95,1,30,5/27/2025,20:05:14
666,231,1,270,5/27/2025,20:06:33
667,226,1,140,5/27/2025,20:06:58
668,42,1,45,5/27/2025,21:25:00
669,6,1,100,5/27/2025,21:26:00
670,248,1,200,5/27/2025,22:27:00
671,249,5,20,5/27/2025,22:28:00
672,4,1,160,5/27/2025,22:30:00
673,82,1,60,5/28/2025,18:26:11
674,12,2,5,5/28/2025,18:26:39
675,250,1,340,5/28/2025,18:27:30
676,162,1,6,5/28/2025,18:28:21
677,42,1,45,5/28/2025,18:28:43
678,42,1,45,5/28/2025,18:29:25
679,179,1,260,5/28/2025,18:29:39
680,251,1,100,5/28/2025,18:29:58
681,69,1,100,5/28/2025,19:49:40
682,42,1,45,5/28/2025,23:49:21
683,56,1,25,5/29/2025,17:27:13
684,15,1,55,5/29/2025,17:27:31
685,94,1,14,5/29/2025,17:27:51
686,72,1,20,5/29/2025,17:28:08
687,4,3,160,5/29/2025,17:29:02
688,240,4,10,5/29/2025,17:29:29
689,192,1,960,5/29/2025,17:29:56
690,56,1,25,5/29/2025,17:30:16
691,252,2,5,5/29/2025,17:31:02
692,253,1,120,5/29/2025,17:31:57
693,56,1,25,5/29/2025,22:13:00
694,51,1,15,5/29/2025,22:14:00
695,254,1,10,5/29/2025,22:16:00
696,70,1,3,5/29/2025,22:17:00
697,31,1,250,5/29/2025,23:59:00
,,,,,
699,256,1,160,5/30/2025,14:40:30
700,257,1,730,5/30/2025,14:42:34
701,111,1,50,5/30/2025,14:56:20
702,237,1,120,5/30/2025,14:56:47
703,238,3,10,5/30/2025,14:58:35
704,13,2,70,5/30/2025,15:03:31
705,258,1,110,5/30/2025,15:03:59
706,232,1,60,5/30/2025,15:05:13
707,254,2,10,5/30/2025,15:05:59
708,4,2,160,5/30/2025,15:38:21
709,259,1,130,5/30/2025,15:56:00
710,134,1,150,5/30/2025,17:31:44
711,260,2,150,5/30/2025,17:33:01
712,261,3,15,5/30/2025,17:35:17
713,67,1,5,5/30/2025,17:37:26
714,13,1,70,5/30/2025,21:27:29
715,206,1,120,5/30/2025,21:27:50
716,224,1,80,5/30/2025,22:00:00
717,262,2,260,5/30/2025,23:30:00
718,263,4,170,5/31/2025,23:27:09
719,179,1,260,5/31/2025,23:29:03
720,17,1,80,5/31/2025,23:29:22
721,264,1,60,5/31/2025,23:29:46
722,265,1,70,5/31/2025,23:30:24
,,,,,
724,24,1,180,5/31/2025,23:31:56
725,163,2,2,5/31/2025,23:32:12
726,24,1,180,5/31/2025,23:32:27
727,31,1,250,6/1/2025,23:50:46
728,243,1,180,6/1/2025,23:51:05
729,266,2,200,6/1/2025,23:51:35
730,69,1,100,6/1/2025,23:53:04
731,42,1,45,6/2/2025,20:00:39
732,179,2,260,6/2/2025,20:34:07
733,267,1,30,6/2/2025,20:34:32
734,20,1,90,6/2/2025,20:35:51
735,268,1,6,6/2/2025,20:36:14
736,269,1,25,6/2/2025,20:37:30
737,31,1,250,6/2/2025,23:37:21
738,24,1,180,6/2/2025,23:37:40
739,69,1,100,6/2/2025,23:37:53
740,69,1,100,6/3/2025,17:39:37
741,42,1,45,6/3/2025,17:39:53
742,31,1,250,6/3/2025,17:40:09
743,42,1,45,6/3/2025,17:40:48
744,35,1,135,6/3/2025,17:41:18
745,42,1,45,6/3/2025,21:36:00
746,270,1,170,6/4/2025,14:42:00
747,126,2,10,6/4/2025,16:44:00
748,104,1,160,6/4/2025,19:48:00
749,4,1,160,6/4/2025,21:49:00
750,126,1,10,6/5/2025,21:00:45
751,34,1,80,6/5/2025,21:01:04
752,17,1,80,6/5/2025,21:02:08
753,4,2,160,6/5/2025,21:02:41
754,221,1,55,6/5/2025,21:02:59
755,29,1,330,6/5/2025,21:03:57
756,17,1,80,6/5/2025,21:04:48
757,77,1,150,6/5/2025,21:05:19
758,51,1,15,6/5/2025,23:58:34
759,67,2,5,6/5/2025,23:58:46
760,271,1,10,6/6/2025,17:52:24
761,199,1,15,6/6/2025,17:55:25
762,272,8,2,6/6/2025,17:55:42
763,141,4,2,6/6/2025,17:57:19
764,240,1,8,6/6/2025,17:57:56
765,273,1,11,6/6/2025,17:58:26
766,274,2,3,6/6/2025,17:59:38
767,275,4,2,6/6/2025,18:00:12
768,276,4,2,6/6/2025,18:01:42
769,121,1,10,6/6/2025,18:02:38
770,260,1,145,6/6/2025,18:03:01
771,249,7,20,6/6/2025,18:03:25
772,79,1,50,6/6/2025,18:03:47
773,31,1,250,6/6/2025,18:04:05
774,90,1,100,6/6/2025,18:04:30
775,249,5,20,6/6/2025,18:04:50
776,31,2,250,6/6/2025,18:05:23
777,17,1,80,6/6/2025,18:09:21
778,141,2,2,6/6/2025,21:36:51
779,277,1,330,6/6/2025,21:37:15
780,118,1,5,6/6/2025,21:38:23
781,162,1,6,6/6/2025,21:38:48
782,278,1,15,6/6/2025,21:39:16
783,42,1,45,6/6/2025,21:39:45
784,279,4,150,6/6/2025,23:32:13
785,280,1,175,6/6/2025,23:33:00
786,111,1,50,6/6/2025,23:33:56
787,11,1,140,6/6/2025,23:34:11
788,94,1,14,6/6/2025,23:34:39
789,79,1,50,6/6/2025,23:34:00
790,132,1,80,6/7/2025,22:27:44
791,185,1,140,6/7/2025,22:28:28
792,281,1,144,6/7/2025,22:29:12
793,118,2,5,6/7/2025,22:30:21
794,36,1,105,6/7/2025,22:30:50
795,179,1,260,6/7/2025,22:31:09
796,24,1,180,6/7/2025,22:31:21
797,31,1,250,6/7/2025,23:45:46
798,104,1,160,6/8/2025,21:12:00
799,4,1,160,6/8/2025,21:13:00
800,282,1,280,6/8/2025,21:14:00
801,240,6,10,6/8/2025,21:15:00
802,80,6,2,6/8/2025,21:16:00
803,4,1,160,6/8/2025,22:16:00
804,4,1,160,6/8/2025,22:45:00
805,102,1,250,6/8/2025,23:17:00
806,24,1,180,6/9/2025,20:43:32
807,42,1,45,6/9/2025,20:44:08
808,31,1,250,6/9/2025,20:44:27
809,283,1,50,6/9/2025,20:45:20
810,79,1,50,6/9/2025,20:46:10
811,224,1,80,6/9/2025,20:46:24
812,15,1,55,6/9/2025,21:32:52
813,284,2,11,6/9/2025,21:33:21
814,274,2,4,6/9/2025,21:34:45
815,285,8,2,6/9/2025,21:35:29
816,30,1,160,6/9/2025,23:14:23
817,77,1,150,6/9/2025,23:14:47
818,29,1,330,6/9/2025,23:19:00
819,30,4,160,6/10/2025,23:58:29
820,67,1,5,6/10/2025,23:58:49
821,65,2,190,6/10/2025,23:59:04
822,160,1,30,6/10/2025,23:59:21
823,19,1,35,6/10/2025,23:59:36
824,42,1,45,6/11/2025,23:55:02
825,65,1,190,6/11/2025,23:55:22
826,69,1,100,6/11/2025,23:55:41
827,77,1,150,6/11/2025,23:55:56
828,24,1,180,6/11/2025,23:56:25
829,82,1,60,6/11/2025,23:56:41
830,286,2,185,6/11/2025,23:57:00
831,287,2,165,6/11/2025,23:58:10
832,288,1,120,6/12/2025,20:17:44
833,289,1,420,6/12/2025,20:18:46
834,89,1,90,6/12/2025,20:20:16
835,290,1,45,6/12/2025,20:22:04
836,291,11,20,6/12/2025,20:22:55
837,292,1,18,6/12/2025,20:25:01
838,293,1,20,6/12/2025,20:26:09
839,272,6,2,6/12/2025,20:26:50
840,29,1,330,6/12/2025,20:28:24
841,56,1,25,6/12/2025,20:29:50
842,13,1,70,6/12/2025,20:30:23
843,82,1,60,6/12/2025,20:30:43
844,17,1,80,6/12/2025,20:31:28
845,180,1,135,6/12/2025,20:36:50
846,56,1,25,6/12/2025,23:21:46
847,24,1,180,6/12/2025,23:22:54
848,215,1,10,6/12/2025,23:28:00
849,227,2,135,6/13/2025,20:19:25
850,89,1,90,6/13/2025,20:20:06
851,294,1,70,6/13/2025,20:20:23
852,26,1,450,6/13/2025,20:21:56
853,82,1,60,6/13/2025,23:41:28
854,192,1,960,6/14/2025,21:56:34
855,193,1,160,6/14/2025,21:56:52
856,67,4,5,6/14/2025,21:57:24
857,24,1,180,6/14/2025,21:57:40
858,295,1,110,6/15/2025,21:00:00
859,24,1,180,6/15/2025,22:00:00
860,296,1,12,6/15/2025,23:52:00
861,42,1,45,6/16/2025,17:14:32
862,222,1,155,6/16/2025,17:15:00
863,68,12,10,6/16/2025,17:16:04
864,297,1,120,6/16/2025,17:16:51
865,77,1,150,6/16/2025,19:33:01
866,17,1,80,6/16/2025,19:33:24
867,57,2,120,6/16/2025,19:33:58
868,212,1,90,6/16/2025,19:34:51
869,30,1,160,6/16/2025,22:02:23
870,42,1,45,6/16/2025,22:02:41
871,282,1,280,6/16/2025,22:03:00
872,223,1,775,6/16/2025,23:35:55
873,56,1,25,6/16/2025,23:36:15
874,42,1,45,6/16/2025,23:36:42
875,34,1,80,6/17/2025,20:45:03
876,95,1,30,6/17/2025,20:45:18
877,71,1,20,6/17/2025,20:45:45
878,157,10,16,6/17/2025,21:35:16
879,298,1,650,6/17/2025,21:36:59
880,56,1,25,6/17/2025,21:38:19
881,268,2,6,6/17/2025,23:37:54
882,79,1,50,6/17/2025,23:38:18
883,82,1,60,6/17/2025,23:38:44
884,4,1,160,6/17/2025,23:41:00
885,63,2,140,6/18/2025,19:52:22
886,299,1,55,6/18/2025,19:52:52
887,147,1,70,6/18/2025,19:53:44
888,42,1,45,6/18/2025,19:54:05
889,89,1,90,6/18/2025,23:59:20
890,300,1,200,6/19/2025,19:15:29
891,17,1,80,6/19/2025,19:16:30
892,51,1,15,6/19/2025,19:16:49
893,17,1,80,6/19/2025,19:17:13
894,71,1,15,6/19/2025,19:17:34
895,24,1,180,6/19/2025,19:17:51
896,302,2,15,6/19/2025,19:52:03
897,181,1,310,6/19/2025,20:37:58
898,4,1,160,6/19/2025,23:01:00
899,303,1,40,6/19/2025,21:27:00
900,180,1,135,6/20/2025,19:41:18
901,89,1,90,6/20/2025,19:41:42
902,134,1,150,6/20/2025,19:42:09
903,4,1,160,6/20/2025,21:44:27
904,88,2,5,6/20/2025,21:44:40
905,39,1,2,6/20/2025,21:44:56
906,42,1,45,6/20/2025,21:45:16
907,82,1,60,6/20/2025,23:49:35
908,304,2,40,6/21/2025,19:06:19
909,296,6,12,6/21/2025,19:23:15
910,305,1,223,6/21/2025,19:24:00
911,56,1,25,6/21/2025,19:25:30
912,306,1,80,6/21/2025,19:26:07
913,307,1,60,6/21/2025,19:28:27
914,56,1,25,6/21/2025,19:30:04
915,308,2,15,6/21/2025,19:30:21
916,309,2,7.5,6/21/2025,19:31:48
917,188,1,145,6/21/2025,19:32:45
918,231,1,275,6/21/2025,19:33:08
919,6,1,95,6/21/2025,19:33:35
920,310,1,485,6/21/2025,23:43:15
921,4,1,160,6/21/2025,23:44:11
922,31,1,250,6/21/2025,23:44:52
923,17,1,80,6/21/2025,23:45:00
924,29,1,330,6/22/2025,23:38:29
925,3,2,380,6/22/2025,23:38:48
926,311,4,125,6/23/2025,19:37:13
927,12,2,5,6/23/2025,19:37:57
928,136,1,3,6/23/2025,19:38:17
929,312,1,860,6/23/2025,19:38:38
930,207,1,480,6/23/2025,19:39:20
931,56,1,25,6/23/2025,19:39:39
932,313,1,60,6/23/2025,19:38:34
933,69,1,100,6/23/2025,19:41:48
934,77,1,150,6/23/2025,19:42:01
935,314,1,150,6/23/2025,19:43:59
936,6,1,100,6/23/2025,21:51:42
937,89,1,90,6/23/2025,21:52:02
938,179,1,260,6/23/2025,23:59:22
939,4,2,160,6/23/2025,23:59:39
940,42,1,45,6/24/2025,19:48:17
941,1,3,166.67,6/24/2025,19:48:36
942,150,1,240,6/24/2025,19:49:17
943,315,1,55,6/24/2025,19:49:46
944,90,1,100,6/24/2025,19:50:43
945,156,1,350,6/24/2025,19:51:05
946,136,2,2.5,6/24/2025,19:51:27
947,67,1,5,6/24/2025,19:52:01
948,299,4,55,6/24/2025,19:53:08
949,3,1,380,6/24/2025,19:53:35
950,92,1,430,6/24/2025,19:53:51
951,56,1,25,6/24/2025,19:54:41
952,42,1,45,6/25/2025,16:15:20
953,208,1,150,6/25/2025,16:15:56
954,3,2,380,6/25/2025,16:20:29
955,132,1,80,6/25/2025,16:21:23
956,24,1,180,6/25/2025,16:22:06
957,42,1,45,6/25/2025,16:22:43
958,316,2,220,6/25/2025,16:23:28
959,317,1,85,6/25/2025,16:24:46
960,318,6,13,6/25/2025,16:26:10
961,319,1,3,6/25/2025,16:27:36
962,320,1,10,6/25/2025,16:29:18
963,118,3,5,6/25/2025,16:29:51
964,321,1,12,6/25/2025,16:30:43
965,276,6,2,6/25/2025,16:31:36
966,322,1,5,6/25/2025,16:32:28
967,213,1,760,6/25/2025,16:33:44
968,193,1,170,6/25/2025,16:34:16
969,323,2,50,6/25/2025,18:51:53
970,260,1,150,6/25/2025,18:52:49
971,324,2,160,6/11/2025,23:59:00
972,325,1,300,6/25/2025,23:39:12
973,326,1,300,6/25/2025,23:39:52
974,42,1,45,6/25/2025,23:40:33
975,185,1,140,6/26/2025,17:27:16
976,89,1,90,6/26/2025,17:27:37
977,197,2,50,6/26/2025,17:27:51
978,111,1,50,6/26/2025,17:28:12
979,327,1,13,6/26/2025,17:28:38
980,81,1,2,6/26/2025,17:29:33
981,82,1,60,6/26/2025,17:29:53
982,328,1,10,6/26/2025,17:30:43
983,42,1,45,6/26/2025,20:39:24
984,56,1,25,6/26/2025,20:40:03
985,25,2,180,6/26/2025,20:40:22
986,8,1,130,6/26/2025,20:56:35
987,29,1,330,6/26/2025,21:00:00
988,24,1,180,6/26/2025,22:06:00
989,4,1,160,6/26/2025,22:30:00
990,29,1,330,6/26/2025,23:30:00
991,42,1,45,6/27/2025,21:52:07
992,307,1,70,6/27/2025,21:52:34
993,329,1,120,6/27/2025,21:53:10
994,42,1,45,6/27/2025,21:54:11
995,13,1,70,6/27/2025,21:54:32
996,67,1,5,6/27/2025,23:41:51
997,24,1,180,6/27/2025,23:42:08
998,56,1,25,6/27/2025,23:42:29
999,34,1,80,6/28/2025,16:11:46
1000,92,1,430,6/28/2025,16:13:46
1001,4,1,160,6/28/2025,16:14:35
1002,249,5,20,6/28/2025,16:15:07
1003,70,2,3,6/28/2025,16:15:30
1004,330,1,730,6/28/2025,21:46:58
1005,331,1,530,6/28/2025,22:38:48
1006,332,1,200,6/28/2025,22:42:59
1007,333,4,12,6/28/2025,22:44:05
1008,334,4,7.5,6/28/2025,22:45:29
1009,335,4,3,6/28/2025,22:47:08
1010,336,4,5,6/28/2025,22:49:08
1011,4,2,160,6/28/2025,22:49:56
1012,42,1,45,6/29/2025,21:00:00
1013,337,1,30,6/29/2025,21:21:00
1014,24,1,180,6/29/2025,21:22:00
1015,56,1,25,6/29/2025,21:26:00
1016,4,1,160,6/29/2025,22:00:00
1017,42,1,45,6/29/2025,22:24:00
1018,13,1,70,6/29/2025,22:25:00
1019,338,4,7.5,6/30/2025,16:53:06
1020,17,1,80,6/30/2025,16:53:40
1021,4,1,160,6/30/2025,16:54:43
1022,89,1,90,6/30/2025,16:54:59
1023,13,1,70,6/30/2025,16:55:18
1024,339,1,150,6/30/2025,16:55:35
1025,77,1,150,6/30/2025,16:56:20
1026,13,1,70,6/30/2025,19:26:31
1027,340,1,490,6/30/2025,23:55:21
1028,169,1,250,6/30/2025,23:56:28
1029,77,1,150,6/30/2025,23:56:59
1030,341,1,170,6/30/2025,23:57:17
1031,61,1,150,6/30/2025,23:58:37
1032,51,1,15,6/30/2025,23:58:56
1033,28,1,380,6/30/2025,23:57:15
1034,350,4,42.5,7/1/2025,13:12:00
1035,42,1,45,7/1/2025,18:15:00
1036,4,1,160,7/1/2025,18:30:00
1037,24,1,180,7/1/2025,19:15:00
1038,102,1,250,7/1/2025,19:30:00
1039,31,1,250,7/1/2025,21:16:00
1040,24,1,180,7/1/2025,21:18:00
1041,4,1,160,7/1/2025,22:18:00
1042,42,1,45,7/1/2025,21:20:00
1043,351,1,10,7/1/2025,22:22:00
1044,42,1,45,7/2/2025,20:35:51
1045,67,1,5,7/2/2025,20:36:08
1046,352,1,940,7/2/2025,20:36:56
1047,237,1,140,7/2/2025,20:38:22
1048,238,1,10,7/2/2025,20:38:45
1049,46,1,80,7/2/2025,20:39:06
1050,199,1,15,7/2/2025,20:39:28
1051,353,1,200,7/2/2025,20:40:10
1052,31,1,250,7/2/2025,20:41:08
1053,354,1,170,7/2/2025,20:50:01
1054,156,1,350,7/2/2025,20:57:03
1055,42,1,45,7/2/2025,20:57:36
1056,67,2,5,7/2/2025,20:57:56
1057,42,1,45,7/2/2025,20:58:20
1058,4,1,160,7/2/2025,23:57:14
1059,162,2,6,7/2/2025,23:58:00
1060,163,2,2,7/2/2025,23:58:01
1061,355,1,210,7/2/2025,23:58:30
1062,356,1,240,7/2/2025,23:58:40
1063,4,2,160,7/3/2025,20:57:30
1064,4,1,160,7/3/2025,20:57:42
1065,272,4,2,7/3/2025,20:57:56
1066,147,1,45,7/3/2025,20:58:15
1067,42,1,45,7/3/2025,20:58:36
1068,31,1,250,7/3/2025,23:55:15
1069,9,1,90,7/4/2025,14:34:54
1070,340,1,490,7/4/2025,14:40:21
1071,68,2,10,7/4/2025,14:40:58
1072,24,1,180,7/4/2025,14:41:30
1073,31,1,250,7/4/2025,14:41:45
1074,314,1,150,7/4/2025,14:42:09
1075,24,1,180,7/4/2025,14:44:20
1076,197,1,50,7/4/2025,14:52:28
1077,6,1,100,7/4/2025,16:27:14
1078,19,1,35,7/4/2025,16:27:36
1079,147,1,45,7/4/2025,16:27:54
1080,29,1,330,7/4/2025,20:25:22
1081,26,1,450,7/4/2025,22:25:30
1082,7,1,250,7/4/2025,22:25:44
1083,89,1,90,7/4/2025,22:26:20
1084,357,2,120,7/4/2025,23:09:00
1085,56,1,25,7/4/2025,23:10:00
1086,273,1,15,7/4/2025,23:11:00
1087,285,5,2,7/4/2025,23:13:00
1088,314,1,150,7/4/2025,23:22:00
1089,13,1,70,7/5/2025,19:23:50
1090,284,2,10,7/5/2025,19:24:28
1091,358,2,110,7/5/2025,19:25:21
1092,29,1,330,7/5/2025,22:25:47
1093,209,1,150,7/5/2025,22:26:07
1094,359,1,200,7/5/2025,22:26:30
1095,360,1,80,7/5/2025,23:01:00
1096,72,2,20,7/5/2025,23:02:00
1097,160,1,30,7/6/2025,20:08:00
1098,77,1,150,7/7/2025,20:10:29
1099,42,2,45,7/7/2025,20:10:46
1100,94,2,15,7/7/2025,20:11:01
1101,361,1,170,7/7/2025,20:11:27
1102,362,1,40,7/7/2025,22:10:00
1103,363,2,12,7/7/2025,22:12:00
1104,4,1,160,7/7/2025,21:14:00
1105,90,1,110,7/7/2025,23:15:00
1106,135,1,60,7/7/2025,23:16:00
1107,248,1,220,7/7/2025,23:16:21
1108,221,1,40,7/8/2025,23:40:43
1109,1,2,180,7/8/2025,23:41:00
1110,346,2,30,7/8/2025,23:41:14
1111,220,1,420,7/8/2025,23:41:35
1112,364,1,160,7/8/2025,23:50:50
1113,104,1,150,7/9/2025,16:31:07
1114,77,1,150,7/9/2025,16:31:28
1115,42,1,45,7/9/2025,19:32:08
1116,24,1,180,7/9/2025,19:32:23
1117,126,1,10,7/9/2025,20:09:08
1118,67,1,5,7/9/2025,22:14:00
1119,4,1,160,7/9/2025,23:15:00
1120,182,1,200,7/10/2025,20:18:28
1121,222,1,160,7/10/2025,20:18:56
1122,62,2,140,7/10/2025,20:19:21
1123,42,1,45,7/10/2025,20:20:05
1124,27,1,250,7/10/2025,20:20:23
1125,174,2,5,7/10/2025,20:20:55
1126,276,2,2,7/10/2025,20:21:20
1127,42,1,45,7/10/2025,20:21:43
1128,182,1,200,7/10/2025,20:20:11
1129,56,1,25,7/10/2025,22:52:17
1130,69,1,100,7/10/2025,23:22:00
1131,156,1,330,7/10/2025,23:44:00
1132,248,1,200,7/10/2025,23:45:00
1133,249,3,23.34,7/10/2025,23:46:00
1134,90,1,110,7/10/2025,21:16:00
1135,223,1,885,7/11/2025,17:12:20
1136,56,1,25,7/11/2025,17:12:34
1137,365,2,160,7/11/2025,17:12:48
1138,77,1,150,7/11/2025,17:13:18
1139,366,1,190,7/11/2025,17:13:37
1140,42,1,45,7/11/2025,20:07:49
1141,34,1,80,7/11/2025,20:08:39
1142,364,1,160,7/11/2025,23:33:00
1143,17,1,80,7/12/2025,17:12:03
1144,240,16,8,7/12/2025,17:13:24
1145,275,16,1,7/12/2025,17:14:06
1146,285,16,1,7/12/2025,17:14:28
1147,367,1,24,7/12/2025,17:14:59
1148,161,3,12,7/12/2025,17:15:58
1149,41,4,35,7/12/2025,17:16:25
1150,132,2,80,7/12/2025,17:16:59
1151,126,1,10,7/12/2025,20:29:00
1152,25,1,200,7/12/2025,20:29:40
1153,35,1,135,7/12/2025,22:09:56
1154,29,1,330,7/12/2025,23:05:12
1155,29,1,330,7/12/2025,23:05:39
1156,368,1,15,7/12/2025,23:06:14
1157,364,1,160,7/13/2025,23:58:16
1158,42,1,45,7/14/2025,16:30:31
1159,67,10,5,7/14/2025,16:31:46
1160,42,2,45,7/14/2025,16:32:16
1161,173,1,65,7/14/2025,16:32:45
1162,34,1,80,7/14/2025,16:33:10
1163,369,1,500,7/14/2025,19:49:49
1164,42,1,45,7/14/2025,19:53:32
1165,200,4,300,7/14/2025,19:54:02
1166,4,2,160,7/14/2025,19:54:50
1167,29,1,330,7/14/2025,20:29:15
1168,28,1,380,7/14/2025,23:02:00
1169,3,1,380,7/14/2025,23:03:00
1170,67,2,5,7/15/2025,17:27:54
1171,77,1,150,7/15/2025,17:28:09
1172,77,1,150,7/15/2025,17:28:22
1173,370,1,850,7/15/2025,17:30:00
1174,31,1,250,7/15/2025,18:45:00
1175,29,1,330,7/15/2025,20:45:00
1176,89,1,90,7/15/2025,21:46:00
1177,132,1,80,7/15/2025,21:47:00
1178,17,1,80,7/16/2025,19:10:04
1179,371,1,40,7/16/2025,19:10:40
1180,42,1,45,7/16/2025,20:30:28
1181,82,1,60,7/16/2025,23:34:13
1182,29,1,330,7/16/2025,23:34:28
1183,89,1,90,7/16/2025,23:34:44
1184,156,2,340,7/17/2025,17:24:33
1185,70,4,2.5,7/17/2025,17:25:20
1186,248,1,200,7/17/2025,17:25:51
1187,121,1,10,7/17/2025,17:26:07
1188,372,1,25,7/17/2025,17:26:30
1189,289,1,420,7/17/2025,17:26:55
1190,179,1,260,7/17/2025,17:27:31
1191,9,1,95,7/17/2025,17:27:46
1192,173,1,65,7/17/2025,17:28:42
1193,42,1,45,7/17/2025,22:48:28
1194,17,1,80,7/17/2025,22:48:58
1195,13,1,70,7/17/2025,22:50:19
1196,17,1,80,7/17/2025,22:50:38
1197,6,2,100,7/17/2025,22:51:00
1198,69,1,100,7/17/2025,22:51:17
1199,119,1,120,7/17/2025,22:51:33
1200,322,2,5,7/17/2025,22:51:56
1201,373,4,20,7/18/2025,14:44:34
1202,274,4,3,7/18/2025,14:45:30
1203,42,1,45,7/18/2025,14:46:05
1204,197,1,50,7/18/2025,14:46:33
1205,56,1,25,7/18/2025,14:46:55
1206,134,1,150,7/18/2025,14:47:11
1207,374,1,166,7/18/2025,15:46:04
1208,375,2,2,7/18/2025,15:46:48
1209,69,1,100,7/18/2025,15:47:29
1210,376,2,50,7/18/2025,15:47:44
1211,179,2,260,7/18/2025,16:48:19
1212,132,1,80,7/18/2025,17:16:45
1213,42,1,45,7/18/2025,17:20:35
1214,325,2,300,7/18/2025,20:31:55
1215,377,2,7,7/18/2025,22:19:58
1216,103,1,250,7/18/2025,22:21:00
1217,378,1,106,7/18/2025,22:21:17
1218,4,2,160,7/18/2025,23:21:23
1219,364,1,160,7/18/2025,23:59:00
1220,17,1,80,7/18/2025,22:34:00
1221,379,1,290,7/19/2025,16:59:43
1222,346,1,30,7/19/2025,17:02:03
1223,24,1,180,7/19/2025,17:02:31
1224,260,1,150,7/19/2025,23:26:11
1225,56,1,25,7/19/2025,23:26:41
1226,3,1,380,7/19/2025,23:27:14
1227,24,1,180,7/19/2025,23:27:32
1228,3,1,380,7/19/2025,23:27:45
1229,298,1,700,7/19/2025,23:29:13
1230,380,1,1050,7/19/2025,23:29:35
1231,381,1,540,7/20/2025,21:34:16
1232,109,1,55,7/20/2025,21:47:04
1233,382,1,50,7/20/2025,21:47:38
1234,62,1,130,7/20/2025,21:48:46
1235,104,1,150,7/20/2025,21:49:16
1236,4,1,160,7/20/2025,21:49:33
1237,287,1,160,7/20/2025,21:49:49
1238,224,1,80,7/20/2025,21:50:03
1239,4,1,160,7/20/2025,21:50:18
1240,51,1,15,7/20/2025,22:03:00
1241,88,1,5,7/20/2025,22:04:00
1242,162,1,6,7/21/2025,20:55:46
1243,31,1,250,7/21/2025,20:56:05
1244,282,1,280,7/21/2025,23:07:15
1245,147,1,80,7/21/2025,23:07:42
1246,4,1,160,7/21/2025,23:08:07
1247,376,1,55,7/21/2025,23:18:01
1248,51,1,15,7/21/2025,23:18:20
1249,364,1,160,7/21/2025,23:49:38
1250,17,1,80,7/22/2025,16:06:05
1251,197,1,50,7/22/2025,16:06:31
1252,346,1,30,7/22/2025,16:07:11
1253,7,1,230,7/22/2025,16:07:30
1254,383,1,20,7/22/2025,16:08:21
1255,88,1,4,7/22/2025,16:10:48
1256,18,1,2,7/22/2025,16:11:49
1257,384,1,25,7/22/2025,16:15:36
1258,385,1,229,7/22/2025,16:16:17
1259,386,2,7.5,7/22/2025,16:18:44
1260,269,1,35,7/22/2025,16:19:31
1261,163,6,2,7/22/2025,16:19:59
1262,387,1,25,7/22/2025,16:20:20
1263,107,4,2.5,7/22/2025,16:22:39
1264,388,1,50,7/22/2025,16:22:58
1265,52,1,10,7/22/2025,16:27:44
1266,17,1,80,7/22/2025,16:55:19
1267,34,1,90,7/22/2025,19:32:20
1268,13,1,70,7/22/2025,19:32:47
1269,56,1,25,7/22/2025,19:33:19
1270,68,10,10,7/22/2025,19:33:57
1271,111,1,40,7/22/2025,20:00:03
1272,31,1,250,7/22/2025,20:00:26
1273,90,1,110,7/22/2025,20:00:43
1274,29,1,330,7/22/2025,20:01:12
1275,131,2,200,7/22/2025,20:45:19
1276,12,2,5,7/22/2025,23:44:43
1277,82,1,60,7/22/2025,23:45:03
1278,162,1,6,7/22/2025,23:45:24
1279,389,1,60,7/22/2025,23:45:57
1280,89,1,90,7/22/2025,23:46:29
1281,42,1,45,7/23/2025,17:25:39
1282,390,1,270,7/23/2025,17:26:17
1283,391,1,15,7/23/2025,17:27:14
1284,392,1,5,7/23/2025,17:28:02
1285,92,1,430,7/23/2025,17:29:01
1286,51,1,15,7/23/2025,20:20:27
1287,42,1,45,7/23/2025,20:49:24
1288,17,1,80,7/23/2025,20:49:43
1289,67,2,5,7/23/2025,20:51:49
1290,12,4,5,7/23/2025,23:46:46
1291,264,1,70,7/23/2025,23:47:32
1292,147,1,70,7/23/2025,23:48:00
1293,132,1,80,7/24/2025,16:01:02
1294,249,1,20,7/24/2025,16:01:21
1295,42,1,45,7/24/2025,16:02:22
1296,215,3,8,7/24/2025,16:02:56
1297,191,1,50,7/24/2025,17:20:35
1298,393,1,25,7/24/2025,17:20:59
1299,81,8,2,7/24/2025,17:28:14
1300,85,2,4.5,7/24/2025,17:28:35
1301,210,1,10,7/24/2025,17:29:03
1302,243,1,180,7/24/2025,17:29:18
1303,4,3,160,7/24/2025,17:29:40
1304,126,1,10,7/24/2025,20:44:27
1305,67,1,5,7/24/2025,20:44:41
1306,21,1,10,7/24/2025,20:45:10
1307,31,1,250,7/24/2025,23:28:21
1308,92,1,425,7/24/2025,23:28:48
1309,394,1,25,7/24/2025,23:29:02
1310,35,1,135,7/24/2025,22:50:00
1311,42,1,45,7/25/2025,18:44:37
1312,79,1,50,7/25/2025,18:44:51
1313,288,1,120,7/25/2025,18:45:08
1314,29,1,330,7/25/2025,23:37:27
1315,69,1,100,7/25/2025,23:37:43
1316,29,1,330,7/25/2025,23:37:57
1317,395,2,110,7/26/2025,17:43:45
1318,114,2,140,7/26/2025,17:44:33
1319,56,1,30,7/26/2025,17:44:54
1320,157,4,15,7/26/2025,17:45:13
1321,88,1,5,7/26/2025,17:46:05
1322,41,1,35,7/26/2025,17:46:32
1323,70,2,2.5,7/26/2025,17:46:57
1324,396,2,35,7/26/2025,17:47:23
1325,17,2,80,7/26/2025,17:48:12
1326,31,2,250,7/26/2025,17:48:28
1327,42,1,45,7/26/2025,18:33:50
1328,90,1,110,7/26/2025,19:44:03
1329,4,1,160,7/26/2025,21:12:00
1330,397,2,150,7/26/2025,21:14:00
1331,51,1,15,7/26/2025,21:15:00
1332,346,2,30,7/26/2025,22:16:00
1333,4,1,160,7/26/2025,22:17:00
1334,13,1,70,7/26/2025,23:17:00
1335,297,1,120,7/28/2025,16:45:52
1336,48,1,110,7/28/2025,16:47:41
1337,147,1,65,7/28/2025,16:48:04
1338,372,1,25,7/28/2025,16:48:24
1339,56,1,25,7/28/2025,16:51:50
1340,398,2,215,7/28/2025,16:53:05
1341,200,3,300,7/28/2025,16:54:17
1342,399,1,150,7/28/2025,16:55:29
1343,364,1,160,7/28/2025,16:56:25
1344,400,2,6.5,7/28/2025,16:56:52
1345,163,4,2,7/28/2025,16:58:36
1346,401,2,2,7/28/2025,16:58:55
1347,77,1,150,7/28/2025,17:00:26
1348,402,1,90,7/28/2025,17:00:57
1349,403,1,280,7/28/2025,17:02:17
1350,42,1,45,7/28/2025,17:02:55
1351,15,1,55,7/26/2025,23:29:00
1352,162,2,6,7/27/2025,22:54:00
1353,13,1,70,7/28/2025,20:10:59
1354,4,1,160,7/28/2025,20:43:02
1355,89,1,90,7/28/2025,23:25:03
1356,29,1,330,7/28/2025,23:25:22
1357,31,1,250,7/28/2025,23:25:38
1358,224,1,80,7/28/2025,23:25:56
1359,404,1,180,7/29/2025,14:44:11
1360,3,1,380,7/29/2025,17:30:25
1361,29,2,330,7/29/2025,17:30:39
1362,249,2,20,7/29/2025,17:31:16
1363,328,6,10,7/29/2025,17:31:53
1364,51,1,15,7/29/2025,17:33:05
1365,405,1,15,7/29/2025,17:33:19
1366,67,1,5,7/29/2025,17:33:59
1367,29,1,330,7/29/2025,20:12:31
1368,3,1,380,7/29/2025,23:59:01
1369,249,1,20,7/29/2025,23:59:15
1370,3,1,380,7/29/2025,23:59:30
1371,4,1,160,7/29/2025,23:59:54
1372,89,1,90,7/29/2025,23:59:55
1373,216,2,700,7/29/2025,23:59:58
1374,42,1,45,7/30/2025,20:30:57
1375,397,1,150,7/30/2025,20:31:16
1376,212,1,150,7/30/2025,21:30:00
1377,200,2,300,7/30/2025,21:55:00
1378,51,1,15,7/30/2025,21:59:00
1379,406,1,200,7/30/2025,22:00:00
1380,24,1,180,7/30/2025,22:57:00
1381,90,1,100,7/30/2025,22:58:00
1382,126,2,10,7/30/2025,22:58:00
1383,215,1,8,7/30/2025,23:00:00
1384,135,1,60,7/30/2025,23:01:00
1385,240,1,10,7/30/2025,23:03:00
1386,401,1,2,7/30/2025,23:04:00
1387,180,1,135,7/30/2025,23:05:00
1388,51,2,15,7/30/2025,23:07:00
1389,364,1,160,7/30/2025,23:13:00
1390,24,1,180,7/31/2025,23:41:16
1391,376,1,55,7/31/2025,23:42:22
1392,407,1,140,7/31/2025,23:42:47
1393,408,1,450,7/31/2025,23:52:18
1394,409,2,255,7/31/2025,23:53:21
1395,102,1,260,7/31/2025,23:53:56
1396,4,1,160,7/31/2025,23:54:24
1397,212,1,80,7/31/2025,23:54:54
1398,218,1,250,7/31/2025,23:55:31
1399,42,1,45,7/31/2025,23:55:52
1400,12,5,5,7/31/2025,23:56:17
1401,410,4,5,7/31/2025,23:56:51
1402,162,1,6,7/31/2025,23:58:10
1403,411,2,2,7/31/2025,23:58:26
1404,11,1,130,7/31/2025,23:59:21
1405,67,2,5,7/31/2025,23:59:31
1406,67,1,5,7/31/2025,23:59:40
1407,268,2,7,8/1/2025,18:17:48
1408,160,1,25,8/1/2025,18:18:14
1409,412,1,80,8/1/2025,18:18:28
1410,372,1,20,8/1/2025,18:19:16
1411,76,2,15,8/1/2025,18:20:06
1412,42,1,45,8/1/2025,18:20:46
1413,413,2,75,8/1/2025,18:21:16
1414,414,2,65,8/1/2025,18:22:36
1415,107,4,2.5,8/1/2025,18:23:24
1416,137,1,80,8/1/2025,18:23:58
1417,89,1,90,8/1/2025,18:24:38
1418,346,1,30,8/1/2025,22:19:33
1419,415,1,250,8/1/2025,22:20:00
1420,206,1,120,8/1/2025,22:21:39
1421,29,1,330,8/1/2025,22:50:00
1422,82,1,60,8/2/2025,20:45:18
1423,126,1,10,8/2/2025,20:45:38
1424,37,1,135,8/2/2025,21:56:00
1425,31,1,250,8/2/2025,21:57:00
1426,13,1,70,8/2/2025,21:58:00
1427,28,1,380,8/2/2025,22:58:00
1428,416,1,120,8/2/2025,22:59:00
1429,417,2,5,8/2/2025,23:00:00
1430,285,2,2,8/2/2025,23:02:00
1431,39,2,3,8/2/2025,23:03:00
1432,42,1,45,8/4/2025,14:00:12
1433,418,2,195,8/4/2025,14:00:28
1434,42,1,45,8/4/2025,14:31:30
1435,23,1,250,8/4/2025,14:31:45
1436,419,2,190,8/4/2025,14:32:14
1437,42,3,45,8/4/2025,14:33:30
1438,420,1,170,8/4/2025,14:33:54
1439,38,2,20,8/4/2025,14:34:38
1440,39,4,2,8/4/2025,14:35:16
1441,15,1,50,8/4/2025,14:35:33
1442,13,1,70,8/4/2025,14:36:14
1443,63,1,135,8/4/2025,15:17:48
1444,268,1,6,8/4/2025,15:19:09
1445,31,1,250,8/4/2025,15:19:33
1446,121,1,12,8/4/2025,16:42:00
1447,421,1,300,8/4/2025,16:42:00
1448,200,2,300,8/4/2025,17:44:00
1449,171,1,200,8/4/2025,17:45:00
1450,422,1,449,8/4/2025,17:46:00
1451,172,1,40,8/4/2025,17:47:00
1452,81,1,1,8/4/2025,17:48:00
1453,15,1,50,8/4/2025,17:48:00
1454,42,1,45,8/4/2025,18:49:00
1455,56,1,25,8/4/2025,18:53:00
1456,102,1,250,8/4/2025,19:57:00
1457,179,1,260,8/4/2025,19:58:00
1458,61,1,150,8/4/2025,20:00:00
1459,423,1,200,8/4/2025,20:03:00
1460,424,1,150,8/4/2025,21:54:00
1461,4,2,160,8/4/2025,21:55:00
1462,29,1,330,8/4/2025,22:55:00
1463,147,1,70,8/5/2025,17:48:59
1464,206,1,120,8/5/2025,17:49:30
1465,147,1,45,8/5/2025,17:49:49
1466,6,1,90,8/5/2025,17:50:40
1467,180,1,130,8/5/2025,17:51:23
1468,17,1,80,8/5/2025,17:51:40
1469,24,1,180,8/5/2025,17:52:02
1470,72,2,15,8/5/2025,17:52:29
1471,4,1,160,8/5/2025,20:52:57
1472,425,2,65,8/5/2025,22:06:31
1473,56,1,25,8/5/2025,22:07:16
1474,383,1,30,8/5/2025,22:07:33
1475,39,1,3,8/5/2025,22:08:09
1476,426,1,3,8/5/2025,22:08:32
1477,427,1,15,8/5/2025,22:09:01
1478,276,4,2,8/5/2025,23:53:18
1479,268,1,6,8/5/2025,23:53:35
1480,276,2,2,8/5/2025,23:54:07
1481,328,4,10,8/5/2025,23:55:16
1482,249,2,20,8/5/2025,23:55:46
1483,56,1,25,8/5/2025,23:56:40
1484,51,1,15,8/5/2025,23:56:53
1485,364,1,160,8/5/2025,23:57:08
1486,287,2,165,8/6/2025,17:38:00
1487,428,1,70,8/6/2025,17:39:10
1488,25,1,180,8/6/2025,17:41:01
1489,369,1,470,8/6/2025,17:41:30
1490,41,3,29.34,8/6/2025,19:43:40
1491,17,1,80,8/6/2025,19:44:29
1492,132,2,80,8/6/2025,19:45:18
1493,325,2,295,8/6/2025,19:45:34
1494,429,2,480,8/6/2025,19:46:22
1495,4,1,160,8/6/2025,20:18:37
1496,4,1,160,8/6/2025,21:30:28
1497,17,1,80,8/6/2025,20:59:00
1498,314,1,150,8/6/2025,22:00:00
1499,35,1,135,8/6/2025,22:01:00
1500,430,2,13,8/7/2025,18:09:11
1501,431,4,12.5,8/7/2025,18:11:23
1502,39,12,2,8/7/2025,18:12:35
1503,27,1,260,8/7/2025,18:13:03
1504,89,1,90,8/7/2025,18:13:34
1505,8,1,140,8/7/2025,18:13:48
1506,69,1,100,8/7/2025,18:14:35
1507,361,2,160,8/7/2025,18:14:53
1508,4,1,160,8/7/2025,18:15:11
1509,185,1,140,8/7/2025,18:47:53
1510,432,1,20,8/7/2025,23:54:42
1511,433,1,8,8/7/2025,23:55:48
1512,276,2,2,8/7/2025,23:56:51
1513,434,1,75,8/8/2025,18:18:51
1514,69,1,100,8/8/2025,18:19:55
1515,104,1,150,8/8/2025,18:21:00
1516,31,1,250,8/8/2025,19:55:53
1517,42,1,45,8/8/2025,21:07:56
1518,42,1,45,8/8/2025,21:28:11
1519,24,1,180,8/8/2025,21:28:32
1520,24,1,180,8/8/2025,22:20:00
1521,3,1,380,8/8/2025,22:21:00
1522,364,1,160,8/8/2025,22:22:00
1523,17,1,80,8/9/2025,20:38:00
1524,3,1,380,8/9/2025,20:38:28
1525,42,1,45,8/9/2025,20:38:52
1526,11,2,140,8/9/2025,20:39:20
1527,25,1,180,8/9/2025,20:39:51
1528,67,2,5,8/9/2025,20:39:25
1529,419,1,190,8/9/2025,20:41:24
1530,24,1,180,8/9/2025,20:41:46
1531,41,5,34,8/9/2025,20:59:29
1532,17,1,80,8/9/2025,21:49:52
1533,282,1,280,8/9/2025,21:50:11
1534,4,2,160,8/9/2025,21:52:39
1535,104,2,150,8/9/2025,21:53:09
1536,3,1,380,8/9/2025,22:45:11
1537,41,2,35,8/11/2025,19:20:54
1538,70,1,3,8/11/2025,19:21:09
1539,82,1,60,8/11/2025,19:21:39
1540,42,1,45,8/11/2025,19:22:01
1541,410,4,5,8/11/2025,19:22:27
1542,12,4,5,8/11/2025,19:23:00
1543,435,1,120,8/11/2025,19:23:20
1544,61,1,140,8/11/2025,19:47:20
1545,121,1,15,8/11/2025,19:47:35
1546,239,1,15,8/11/2025,19:47:52
1547,29,1,330,8/11/2025,19:48:29
1548,355,1,210,8/11/2025,19:48:59
1549,69,1,100,8/11/2025,19:49:46
1550,224,1,80,8/11/2025,20:55:00
1551,179,1,260,8/11/2025,21:56:00
1552,4,1,160,8/11/2025,22:57:00
1553,364,1,160,8/11/2025,22:58:00
1554,82,1,60,8/11/2025,22:59:00
1555,67,1,5,8/11/2025,21:58:00
1556,366,1,180,8/12/2025,15:38:22
1557,42,1,45,8/12/2025,15:38:53
1558,403,1,250,8/12/2025,15:39:36
1559,147,1,45,8/12/2025,15:39:57
1560,354,1,170,8/12/2025,15:40:17
1561,213,2,770,8/12/2025,15:40:35
1562,273,2,20,8/12/2025,15:40:59
1563,18,4,2.5,8/12/2025,15:41:21
1564,436,2,350,8/12/2025,19:18:11
1565,437,2,350,8/12/2025,19:19:50
1566,24,1,180,8/12/2025,19:27:54
1567,31,1,250,8/12/2025,19:28:09
1568,77,1,140,8/12/2025,19:35:00
1569,438,1,160,8/12/2025,19:35:00
1570,20,1,90,8/12/2025,20:38:00
1571,70,4,2.5,8/12/2025,20:39:00
1572,425,1,65,8/12/2025,20:40:00
1573,439,1,10,8/12/2025,20:41:00
1574,249,3,20,8/12/2025,20:42:00
1575,41,1,35,8/12/2025,20:43:00
1576,160,1,35,8/12/2025,20:45:00
1577,71,1,15,8/12/2025,20:46:00
1578,112,2,100,8/12/2025,20:50:00
1579,440,2,100,8/12/2025,20:51:00
1580,128,1,170,8/12/2025,20:52:00
1581,3,1,380,8/12/2025,22:46:00
1582,31,1,250,8/12/2025,22:47:00
1583,67,1,5,8/12/2025,22:50:00
1584,42,1,45,8/12/2025,19:28:00
1585,42,1,45,8/12/2025,23:50:00
1586,441,1,15,8/12/2025,23:49:00
1587,121,2,12,8/12/2025,23:48:00
1588,70,2,3,8/12/2025,23:52:00
1589,21,6,10,8/12/2025,23:55:00
1590,376,1,55,8/12/2025,23:56:00
1591,6,1,100,8/13/2025,16:37:29
1592,442,1,420,8/13/2025,16:37:45
1593,13,1,70,8/13/2025,16:39:41
1594,443,2,13,8/13/2025,16:40:08
1595,163,2,2,8/13/2025,16:42:34
1596,42,1,45,8/13/2025,16:43:22
1597,82,1,60,8/13/2025,16:44:07
1598,71,2,20,8/13/2025,16:44:26
1599,444,4,10,8/13/2025,16:50:37
1600,42,2,45,8/13/2025,17:32:12
1601,69,1,100,8/13/2025,17:32:28
1602,212,1,90,8/13/2025,20:02:05
1603,42,2,45,8/13/2025,20:02:32
1604,235,8,40,8/13/2025,20:03:03
1605,239,1,12,8/13/2025,20:03:32
1606,200,3,293,8/13/2025,20:40:17
1607,56,1,25,8/13/2025,20:55:00
1608,13,1,70,8/13/2025,20:55:19
1609,7,1,240,8/13/2025,21:07:39
1610,24,1,180,8/13/2025,21:10:00
1611,24,1,180,8/13/2025,21:54:00
,,,,,
1613,445,2,20,8/14/2025,20:38:43
1614,134,1,150,8/14/2025,20:39:31
1615,67,2,5,8/14/2025,20:40:34
1616,445,4,40,8/14/2025,20:40:53
1617,42,1,45,8/14/2025,20:41:56
1618,42,1,45,8/14/2025,20:43:22
1619,82,1,60,8/14/2025,20:43:39
1620,24,1,180,8/14/2025,21:08:00
1621,4,1,160,8/14/2025,21:19:00
1622,126,3,10,8/14/2025,22:09:00
1623,68,1,10,8/14/2025,22:10:00
1624,4,1,160,8/14/2025,22:20:00
1625,364,1,160,8/14/2025,23:10:00
1626,249,2,20,8/14/2025,23:30:00
1627,51,1,15,8/14/2025,23:32:00
1628,173,8,65,8/15/2025,16:58:00
1629,180,1,130,8/15/2025,16:59:00
1630,48,1,120,8/15/2025,17:00:00
1631,42,1,45,8/15/2025,17:31:00
1632,8,1,140,8/15/2025,17:48:00
1633,42,1,45,8/15/2025,17:59:00
1634,346,1,30,8/15/2025,21:02:00
1635,207,1,475,8/15/2025,22:02:00
1636,56,1,25,8/15/2025,22:03:00
1637,36,1,110,8/16/2025,18:43:30
1638,71,1,20,8/16/2025,18:43:51
1639,126,2,10,8/16/2025,18:44:06
1640,68,2,10,8/16/2025,20:49:59
1641,82,1,60,8/16/2025,20:50:14
1642,219,1,120,8/16/2025,20:50:28
1643,200,2,300,8/16/2025,20:50:48
1644,24,1,180,8/16/2025,20:51:16
1645,90,1,110,8/16/2025,20:51:30
1646,446,1,90,8/15/2025,22:05:00
1647,77,1,150,8/16/2025,21:51:05
1648,31,1,250,8/16/2025,21:51:17
1649,42,1,45,8/16/2025,22:04:00
1650,53,1,130,8/16/2025,23:05:00
1651,42,1,45,8/17/2025,22:21:10
1652,212,1,80,8/17/2025,22:21:40
1653,104,2,150,8/17/2025,22:28:59
1654,4,1,160,8/17/2025,22:29:15
1655,420,1,160,8/17/2025,22:29:30
1656,24,1,180,8/17/2025,22:29:47
1657,77,1,150,8/17/2025,22:29:59
1658,24,1,180,8/17/2025,22:30:11
1659,364,1,160,8/17/2025,23:54:37
1660,346,1,30,8/18/2025,14:46:45
1661,12,1,5,8/18/2025,14:47:13
1662,4,1,160,8/18/2025,14:47:32
1663,46,1,40,8/18/2025,14:48:04
1664,72,2,20,8/18/2025,14:48:39
1665,71,2,15,8/18/2025,14:49:02
1666,360,1,120,8/18/2025,16:13:33
1667,447,1,230,8/18/2025,16:13:52
1668,90,2,110,8/18/2025,16:15:13
1669,135,2,60,8/18/2025,16:15:30
1670,20,1,90,8/18/2025,16:26:04
1671,406,1,200,8/18/2025,16:26:30
1672,448,1,215,8/18/2025,16:26:53
1673,51,2,15,8/18/2025,16:29:19
1674,70,6,2.5,8/18/2025,16:29:42
1675,328,4,10,8/18/2025,16:30:03
1676,108,1,490,8/18/2025,16:30:24
1677,382,1,53,8/18/2025,16:31:01
1678,449,1,47,8/18/2025,16:31:35
1679,134,1,150,8/18/2025,16:32:26
1680,105,2,45,8/18/2025,17:59:23
1681,77,1,150,8/18/2025,17:59:37
1682,3,1,380,8/18/2025,23:42:07
1683,31,2,250,8/18/2025,23:42:37
1684,450,5,12,8/19/2025,19:26:36
1685,451,1,260,8/19/2025,19:27:38
1686,198,1,40,8/19/2025,19:28:25
1687,155,1,100,8/19/2025,19:28:39
1688,24,1,180,8/19/2025,23:58:29
1689,57,1,120,8/19/2025,23:58:46
1690,24,1,180,8/19/2025,23:59:01
1691,34,2,80,8/19/2025,23:59:14
1692,121,1,12,8/19/2025,23:59:32
1693,215,2,8,8/19/2025,23:59:49
1694,452,1,15,8/19/2025,23:59:50
1695,90,1,110,8/19/2025,23:59:55
1696,82,1,60,8/20/2025,18:21:01
1697,67,1,5,8/20/2025,18:21:15
1698,13,1,70,8/20/2025,18:21:29
1699,192,1,980,8/20/2025,18:21:57
1700,193,1,170,8/20/2025,18:22:31
1701,135,1,60,8/20/2025,20:04:57
1702,29,1,330,8/20/2025,21:16:00
1703,82,1,60,8/20/2025,21:17:00
1704,13,1,70,8/20/2025,21:18:00
1705,17,1,80,8/20/2025,22:18:00
1706,224,1,80,8/20/2025,22:19:00
1707,24,1,180,8/20/2025,22:20:00
1708,179,1,260,8/20/2025,22:25:00
1709,4,1,160,8/20/2025,23:20:00
1710,56,1,25,8/20/2025,23:21:00
1711,42,1,45,8/21/2025,18:37:31
1712,297,1,120,8/21/2025,18:38:00
1713,288,2,120,8/21/2025,18:38:32
1714,121,1,12,8/21/2025,18:39:00
1715,453,6,10,8/21/2025,18:39:38
1716,300,1,200,8/21/2025,20:12:10
1717,454,1,30,8/21/2025,23:17:13
1718,3,1,380,8/21/2025,23:28:25
1719,3,1,380,8/21/2025,23:28:40
1720,24,1,180,8/21/2025,23:28:57
1721,4,1,160,8/21/2025,23:29:36
1722,35,1,135,8/21/2025,23:29:55
1723,24,1,180,8/22/2025,16:50:40
1724,42,1,45,8/22/2025,16:50:55
1725,56,1,25,8/22/2025,19:42:34
1726,102,1,260,8/22/2025,19:42:51
1727,455,1,140,8/22/2025,21:45:15
1728,3,1,380,8/22/2025,21:46:02
1729,24,1,180,8/22/2025,21:46:15
1730,13,1,70,8/22/2025,21:46:30
1731,337,1,30,8/22/2025,22:07:50
1732,29,1,330,8/22/2025,22:08:51
1733,24,1,180,8/22/2025,22:33:00
1734,3,1,380,8/22/2025,23:04:00
1735,428,1,70,8/23/2025,16:44:40
1736,48,1,120,8/23/2025,16:45:07
1737,456,1,25,8/23/2025,16:45:22
1738,82,1,60,8/23/2025,16:45:52
1739,42,1,45,8/23/2025,16:46:30
1740,457,1,10,8/23/2025,19:06:52
1741,40,4,10,8/23/2025,20:37:48
1742,26,2,450,8/23/2025,23:59:42
1743,24,1,180,8/24/2025,22:56:17
1744,24,1,180,8/24/2025,22:56:52
1745,368,1,12,8/25/2025,23:57:51
1746,44,1,90,8/25/2025,23:58:07
1747,45,1,110,8/25/2025,23:58:34
1748,24,1,180,8/25/2025,23:58:49
1749,69,1,100,8/25/2025,23:59:00
1750,56,1,25,8/25/2025,23:59:14
1751,198,1,40,8/25/2025,23:59:35
1752,22,1,50,8/25/2025,23:59:50
1753,458,1,65,8/25/2025,23:59:53
1754,459,1,35,8/25/2025,23:59:58
1755,460,1,250,8/26/2025,18:30:27
1756,24,1,180,8/26/2025,19:45:32
1757,346,1,30,8/26/2025,19:45:45
1758,461,4,20,8/26/2025,21:33:24
1759,42,1,45,8/26/2025,21:34:43
1760,77,1,150,8/26/2025,21:34:58
1761,147,1,70,8/26/2025,21:35:14
1762,364,1,160,8/26/2025,21:35:32
1763,29,1,330,8/26/2025,22:48:43
1764,13,1,70,8/26/2025,23:18:00
1765,141,2,2.5,8/26/2025,23:49:00
1766,272,2,2.5,8/26/2025,23:50:00
1767,462,2,10,8/26/2025,23:52:00
1768,463,2,10,8/26/2025,23:54:00
1769,42,1,45,8/27/2025,19:25:47
1770,24,1,180,8/27/2025,19:26:03
1771,230,1,260,8/27/2025,19:58:37
1772,4,1,160,8/27/2025,22:18:20
1773,420,2,170,8/28/2025,17:37:57
1774,262,2,260,8/28/2025,17:38:15
1775,42,1,45,8/28/2025,17:38:29
1776,464,1,350,8/28/2025,17:38:45
1777,159,4,12.5,8/28/2025,17:40:52
1778,230,1,260,8/28/2025,17:42:47
1779,91,1,410,8/28/2025,17:43:17
1780,464,1,350,8/28/2025,17:43:38
1781,465,5,6,8/28/2025,17:44:00
1782,29,1,330,8/28/2025,17:45:21
1783,69,1,100,8/28/2025,17:45:50
1784,156,1,350,8/28/2025,18:01:20
1785,179,1,260,8/28/2025,18:39:51
1786,42,1,45,8/28/2025,18:40:45
1787,156,1,330,8/28/2025,19:09:58
1788,34,1,80,8/28/2025,20:35:22
1789,200,5,300,8/28/2025,20:35:56
1790,427,2,12,8/28/2025,20:58:56
1791,274,2,3,8/28/2025,20:59:32
1792,17,1,80,8/28/2025,21:38:58
1793,466,1,110,8/28/2025,22:16:00
1794,272,8,2,8/28/2025,22:17:00
1795,4,1,160,8/28/2025,22:19:00
1796,31,1,250,8/28/2025,22:21:00
1797,467,2,120,8/28/2025,22:22:00
1798,132,1,80,8/28/2025,21:43:00
1799,77,1,150,8/28/2025,23:24:00
1800,3,1,380,8/28/2025,23:25:00
1801,24,1,180,8/29/2025,20:14:00
1802,24,1,180,8/29/2025,21:15:00
1803,468,2,145,8/30/2025,17:37:37
1804,220,1,415,8/30/2025,17:38:07
1805,433,7,6,8/30/2025,17:38:48
1806,42,1,45,8/30/2025,17:39:18
1807,364,1,160,8/30/2025,17:39:39
1808,428,1,70,8/30/2025,17:39:53
1809,179,2,260,8/30/2025,18:16:21
1810,197,2,50,8/30/2025,18:16:37
1811,85,2,5,8/30/2025,18:16:56
1812,31,1,250,8/30/2025,18:17:10
1813,106,1,35,8/30/2025,19:15:39
1814,118,4,5,8/30/2025,20:52:26
1815,17,1,80,8/30/2025,20:52:53
1816,42,1,45,8/30/2025,18:53:00
1817,89,1,90,8/30/2025,20:54:00
1818,42,1,45,8/30/2025,20:54:18
1819,4,1,160,8/30/2025,23:50:37
1820,82,1,60,8/30/2025,23:50:51
1821,31,1,250,8/31/2025,23:57:58
1822,179,1,260,8/31/2025,23:58:15
1823,24,1,180,8/31/2025,23:58:29
1824,4,1,160,8/31/2025,23:58:41
1825,31,1,250,8/31/2025,23:58:54
1826,179,1,260,9/1/2025,17:25:39
1827,124,1,130,9/1/2025,17:25:58
1828,405,1,15,9/1/2025,17:26:16
1829,447,1,240,9/1/2025,17:26:30
1830,162,15,6,9/1/2025,17:26:56
1831,4,1,160,9/1/2025,20:13:38
1832,31,1,250,9/1/2025,20:13:52
1833,212,1,80,9/1/2025,22:04:19
1834,4,1,160,9/1/2025,22:06:59
1835,24,1,180,9/1/2025,22:07:19
1836,364,1,160,9/1/2025,22:54:00
1837,29,2,330,9/1/2025,23:55:00
1838,3,1,380,9/1/2025,23:54:00
1839,436,1,370,9/1/2025,23:56:00
1840,102,1,260,9/1/2025,23:57:00
1841,82,1,60,9/2/2025,18:27:49
1842,121,2,12,9/2/2025,20:50:56
1843,338,1,6,9/2/2025,20:51:09
1844,202,1,110,9/2/2025,20:51:25
1845,451,2,270,9/1/2025,23:59:58
1846,213,1,770,9/2/2025,21:11:00
1847,131,1,205,9/2/2025,22:12:00
1848,244,1,255,9/2/2025,22:13:00
1849,3,1,380,9/2/2025,23:13:00
1850,179,1,260,9/3/2025,16:21:45
1851,68,10,10,9/3/2025,16:22:00
1852,42,1,45,9/3/2025,16:22:20
1853,29,1,330,9/3/2025,20:13:39
1854,181,1,310,9/3/2025,20:14:01
1855,89,1,90,9/3/2025,20:14:26
1856,249,5,20,9/3/2025,21:05:46
1857,376,1,55,9/3/2025,21:06:38
1858,51,1,15,9/3/2025,21:06:50
1859,70,4,2.5,9/3/2025,21:07:01
1860,328,1,10,9/3/2025,21:07:21
1861,364,1,160,9/3/2025,21:07:45
1862,31,1,250,9/3/2025,21:47:00
1863,24,1,180,9/3/2025,21:52:00
1864,357,2,110,9/3/2025,22:48:00
1865,89,1,90,9/3/2025,22:49:00
1866,90,1,110,9/3/2025,22:56:00
1867,403,1,230,9/4/2025,18:05:15
1868,264,1,65,9/4/2025,18:07:20
1869,173,1,65,9/4/2025,18:08:18
1870,177,1,150,9/4/2025,18:08:54
1871,366,1,190,9/4/2025,18:09:11
1872,319,1,2,9/4/2025,19:58:59
1873,42,2,45,9/4/2025,19:59:50
1874,24,1,180,9/4/2025,20:54:02
1875,132,2,80,9/4/2025,20:54:15
1876,147,1,80,9/4/2025,22:07:09
1877,31,1,250,9/4/2025,22:07:24
1878,56,1,25,9/4/2025,22:07:43
1879,31,1,250,9/4/2025,22:08:00
1880,3,1,380,9/4/2025,22:08:19
1881,224,1,80,9/4/2025,23:15:39
1882,90,1,110,9/4/2025,23:26:00
1883,376,1,55,9/4/2025,23:27:00
1884,469,2,130,9/5/2025,15:44:38
1885,177,2,150,9/5/2025,15:46:06
1886,104,1,150,9/5/2025,15:49:16
1887,428,1,70,9/5/2025,15:49:41
1888,324,1,160,9/5/2025,15:50:06
1889,470,4,35,9/5/2025,20:38:51
1890,24,1,180,9/5/2025,20:46:46
1891,324,1,160,9/5/2025,20:47:00
1892,29,1,330,9/5/2025,23:57:46
1893,13,1,70,9/5/2025,23:58:03
1894,24,1,180,9/5/2025,23:58:15
1895,179,1,260,9/5/2025,23:58:08
1896,63,1,130,9/6/2025,18:15:36
1897,212,1,80,9/6/2025,18:16:06
1898,42,1,45,9/6/2025,18:16:25
1899,104,1,150,9/6/2025,21:34:02
1900,15,1,50,9/6/2025,21:34:29
1901,42,1,45,9/6/2025,21:48:00
1902,24,1,180,9/6/2025,22:03:00
1903,346,1,30,9/6/2025,22:05:00
1904,180,1,135,9/6/2025,23:04:00
1905,364,1,160,9/6/2025,23:10:00
1906,4,1,160,9/7/2025,20:56:00
1907,59,4,135,9/7/2025,22:57:00
1908,471,4,285,9/7/2025,22:58:00
1909,4,1,160,9/7/2025,22:59:00
1910,31,1,250,9/7/2025,23:13:00
1911,24,1,180,9/7/2025,23:59:42
1912,472,1,15,9/8/2025,20:29:05
1913,473,1,30,9/8/2025,20:29:56
1914,118,1,5,9/8/2025,20:30:44
1915,132,1,80,9/8/2025,20:31:11
1916,42,1,45,9/8/2025,20:31:25
1917,451,1,260,9/8/2025,21:35:56
1918,31,1,250,9/8/2025,21:36:13
1919,23,1,250,9/8/2025,21:36:26
1920,71,4,15,9/8/2025,21:36:43
1921,447,1,230,9/8/2025,23:09:38
1922,70,4,2.5,9/8/2025,23:10:01
1923,4,2,160,9/8/2025,23:10:22
1924,42,1,45,9/8/2025,23:10:36
1925,56,1,25,9/8/2025,23:10:49
1926,31,1,250,9/8/2025,23:11:03
1927,82,1,60,9/8/2025,23:11:15
1928,4,1,160,9/9/2025,15:59:45
1929,283,1,280,9/9/2025,16:00:01
1930,160,1,30,9/9/2025,16:01:02
1931,474,1,110,9/9/2025,16:01:16
1932,266,1,210,9/9/2025,16:01:59
1933,34,1,80,9/9/2025,19:33:08
1934,475,1,128,9/9/2025,20:07:14
1935,121,1,12,9/9/2025,20:08:05
1936,376,2,55,9/9/2025,20:08:53
1937,302,2,15,9/9/2025,20:09:13
1938,341,1,170,9/9/2025,23:55:49
1939,179,1,260,9/9/2025,23:56:04
1940,24,1,180,9/9/2025,23:56:21
1941,42,2,45,9/10/2025,15:25:27
1942,82,1,60,9/10/2025,15:26:01
1943,476,1,310,9/10/2025,15:26:20
1944,204,2,15,9/10/2025,15:27:07
1945,156,1,330,9/10/2025,15:27:28
1946,42,1,45,9/10/2025,15:27:45
1947,346,1,30,9/10/2025,18:36:16
1948,56,1,25,9/10/2025,18:36:32
1949,165,1,280,9/10/2025,19:49:15
1950,209,1,150,9/10/2025,19:49:32
1951,340,1,490,9/10/2025,19:49:48
1952,89,1,90,9/10/2025,22:11:11
1953,31,1,250,9/10/2025,23:51:05
1954,4,1,160,9/10/2025,23:51:24
1955,77,2,150,9/10/2025,23:52:30
1956,63,1,130,9/11/2025,19:48:06
1957,69,1,100,9/11/2025,19:48:23
1958,12,2,5,9/11/2025,19:48:36
1959,77,1,150,9/11/2025,19:52:54
1960,24,1,180,9/11/2025,19:53:36
1961,477,1,110,9/11/2025,19:53:50
1962,216,2,750,9/11/2025,19:55:04
1963,448,2,200,9/11/2025,19:55:25
1964,346,1,30,9/11/2025,19:56:08
1965,34,1,80,9/11/2025,19:56:37
1966,3,1,380,9/11/2025,23:59:00
1967,139,4,17.5,9/12/2025,19:47:46
1968,364,1,160,9/12/2025,19:48:10
1969,464,1,350,9/12/2025,19:48:28
1970,159,4,15,9/12/2025,19:49:02
1971,56,1,25,9/12/2025,22:39:54
1972,364,1,160,9/12/2025,22:40:43
1973,13,1,70,9/12/2025,22:40:56
1974,89,1,90,9/12/2025,22:41:10
1975,239,1,15,9/12/2025,20:47:00
1976,42,2,45,9/13/2025,19:24:24
1977,359,1,200,9/13/2025,19:26:06
1978,249,4,20,9/13/2025,19:26:30
1979,197,1,50,9/13/2025,19:27:01
1980,247,1,140,9/13/2025,20:18:03
1981,221,1,40,9/13/2025,23:56:57
1982,126,1,10,9/13/2025,23:57:12
1983,17,1,80,9/14/2025,23:51:01
1984,42,1,45,9/14/2025,23:51:14
1985,17,1,80,9/14/2025,23:51:24
1986,31,1,250,9/15/2025,20:14:48
1987,89,1,90,9/15/2025,20:15:03
1988,146,1,250,9/15/2025,20:15:36
1989,478,1,350,9/15/2025,20:18:13
1990,179,1,260,9/15/2025,20:19:10
1991,7,1,243,9/15/2025,20:19:46
1992,393,1,25,9/15/2025,20:21:39
1993,334,2,7.5,9/15/2025,20:22:22
1994,81,6,2,9/15/2025,20:23:06
1995,56,1,25,9/15/2025,20:23:34
1996,199,1,15,9/15/2025,20:24:14
1997,191,1,75,9/15/2025,20:24:52
1998,82,1,60,9/15/2025,20:25:36
1999,25,2,180,9/15/2025,20:25:56
2000,364,1,160,9/15/2025,20:26:33
2001,235,1,40,9/15/2025,20:26:46
2002,42,1,45,9/15/2025,21:13:00
2003,13,1,70,9/15/2025,21:14:00
2004,77,1,150,9/15/2025,21:32:00
2005,132,1,80,9/15/2025,22:15:00
2006,51,1,15,9/16/2025,20:03:05
2007,314,1,150,9/16/2025,20:03:18
2008,77,1,150,9/16/2025,20:03:38
2009,26,2,450,9/16/2025,20:03:58
2010,51,2,15,9/16/2025,20:04:16
2011,56,1,25,9/16/2025,20:04:35
2012,224,1,80,9/16/2025,21:19:42
2013,77,1,150,9/16/2025,21:33:00
2014,147,1,60,9/16/2025,21:34:00
2015,4,1,160,9/16/2025,22:34:00
2016,24,1,180,9/16/2025,22:40:00
2017,3,1,380,9/16/2025,22:45:00
2018,24,1,180,9/16/2025,22:50:00
2019,465,1,6,9/17/2025,23:06:48
2020,411,4,8,9/17/2025,23:07:47
2021,197,1,50,9/17/2025,23:08:10
2022,24,2,180,9/17/2025,23:08:21
2023,179,1,260,9/17/2025,23:08:58
2024,24,1,180,9/17/2025,23:09:12
2025,42,1,45,9/17/2025,23:09:30
2026,288,1,120,9/18/2025,20:19:34
2027,41,2,35,9/18/2025,20:19:55
2028,364,1,160,9/18/2025,20:20:36
2029,272,8,2,9/18/2025,23:50:37
2030,364,1,160,9/18/2025,23:50:56
2031,346,1,30,9/18/2025,23:51:48
2032,102,1,260,9/18/2025,23:52:05
2033,82,1,60,9/19/2025,18:24:18
2034,180,1,130,9/19/2025,18:24:41
2035,452,1,15,9/19/2025,18:24:54
2036,215,1,9,9/19/2025,18:25:23
2037,70,3,3,9/19/2025,18:27:52
2038,249,2,20,9/19/2025,18:28:14
2039,126,1,10,9/19/2025,18:29:09
2040,29,1,330,9/19/2025,19:56:00
2041,3,1,380,9/19/2025,20:00:00
2042,13,1,70,9/19/2025,21:01:00
2043,239,1,15,9/19/2025,22:03:00
2044,24,1,180,9/19/2025,22:10:00
2045,42,1,45,9/19/2025,22:17:00
2046,479,1,210,9/20/2025,18:43:18
2047,34,1,80,9/20/2025,18:43:55
2048,56,1,25,9/20/2025,18:52:42
2049,405,1,15,9/20/2025,18:53:09
2050,480,1,130,9/20/2025,18:53:26
2051,358,1,110,9/20/2025,23:53:22
2052,42,1,45,9/20/2025,23:54:19
2053,337,1,30,9/20/2025,23:56:03
2054,8,1,130,9/20/2025,23:56:24
2055,31,1,250,9/20/2025,23:56:37
2056,24,1,170,9/20/2025,23:56:51
2057,82,1,60,9/20/2025,23:57:30
2058,346,1,30,9/21/2025,20:40:00
2059,31,2,250,9/21/2025,21:41:00
2060,428,1,70,9/21/2025,22:41:00
2061,481,1,150,9/22/2025,18:42:13
2062,482,1,375,9/22/2025,18:43:04
2063,207,1,475,9/22/2025,18:44:37
2064,4,1,160,9/22/2025,18:44:59
2065,42,2,45,9/22/2025,21:52:52
2066,4,1,160,9/22/2025,21:53:19
2067,483,1,240,9/22/2025,21:53:34
2068,3,1,380,9/22/2025,21:54:49
2069,192,1,980,9/22/2025,21:55:31
2070,243,1,180,9/22/2025,21:55:49
2071,42,1,45,9/22/2025,21:56:04
2072,42,1,45,9/22/2025,22:57:00
2073,160,1,30,9/22/2025,22:13:00
2074,144,1,80,9/23/2025,18:36:00
2075,484,1,180,9/24/2025,19:37:00
2076,485,1,2800,9/24/2025,20:39:00
2077,486,1,200,9/24/2025,19:42:00
2078,24,1,180,9/24/2025,21:44:00
2079,328,6,10,9/24/2025,21:45:00
2080,441,1,15,9/24/2025,21:45:00
2081,405,1,15,9/24/2025,21:45:00
2082,409,2,280,9/24/2025,22:47:00
2083,489,4,350,9/24/2025,22:49:00
2084,487,2,290,9/24/2025,22:50:00
2085,488,2,340,9/24/2025,22:51:00
2086,203,1,280,9/25/2025,19:39:34
2087,42,1,45,9/25/2025,19:39:56
2088,90,1,110,9/25/2025,19:40:20
2089,42,1,45,9/25/2025,19:40:39
2090,82,1,60,9/25/2025,19:41:04
2091,42,2,45,9/25/2025,19:41:20
2092,42,1,45,9/25/2025,19:41:46
2093,364,1,160,9/25/2025,20:41:00
2094,4,1,160,9/25/2025,20:30:00
2095,82,1,60,9/25/2025,21:42:00
2096,4,4,160,9/25/2025,21:50:00
2097,38,6,13,9/26/2025,18:02:44
2098,430,2,10,9/26/2025,18:03:30
2099,158,4,4,9/26/2025,18:04:07
2100,39,8,2,9/26/2025,18:04:30
2101,490,2,140,9/26/2025,18:05:06
2102,423,1,195,9/26/2025,18:06:17
2103,451,1,265,9/26/2025,18:06:37
2104,42,1,45,9/26/2025,18:07:08
2105,121,2,15,9/26/2025,18:07:31
2106,491,1,70,9/26/2025,18:07:54
2107,51,1,15,9/26/2025,18:47:00
2108,77,1,150,9/26/2025,21:47:00
2109,428,1,70,9/26/2025,21:48:00
2110,121,2,15,9/26/2025,22:49:00
2111,51,1,15,9/26/2025,22:50:00
2112,132,1,80,9/27/2025,18:36:06
2113,202,2,110,9/27/2025,18:36:53
2114,25,1,180,9/27/2025,18:40:04
2115,1,1,170,9/27/2025,18:40:30
2116,492,1,140,9/27/2025,18:40:50
2117,268,1,5,9/27/2025,18:42:00
2118,276,6,2,9/27/2025,18:42:26
2119,42,1,45,9/27/2025,18:42:56
2120,142,1,280,9/27/2025,18:43:18
2121,4,1,160,9/27/2025,18:44:04
2122,364,1,160,9/27/2025,18:44:21
2123,82,1,60,9/27/2025,18:46:18
2124,394,1,25,9/27/2025,18:47:28
2125,126,1,10,9/27/2025,19:12:33
2126,364,2,160,9/27/2025,19:56:00
2127,3,1,380,9/27/2025,20:57:00
2128,77,1,150,9/27/2025,20:58:00
2129,82,1,60,9/27/2025,20:59:00
2130,70,2,3,9/27/2025,19:15:00
2131,111,1,50,9/27/2025,19:16:00
2132,54,3,5,9/27/2025,19:25:00
2133,136,3,1,9/27/2025,19:26:00
2134,411,6,2,9/27/2025,19:28:00
2135,29,1,330,9/27/2025,22:04:00
2136,29,1,330,9/27/2025,23:04:00
2137,17,1,80,9/27/2025,20:07:00
2138,82,1,60,10/1/2025,15:20:00
2139,323,1,50,10/1/2025,15:21:00
2140,51,1,15,10/1/2025,15:22:00
2141,82,1,60,10/1/2025,15:23:00
2142,111,1,50,10/3/2025,21:26:45
2143,493,1,12,10/3/2025,21:27:02
2144,338,1,5,10/3/2025,21:27:57
2145,125,1,8,10/3/2025,21:28:11
2146,494,1,45,10/4/2025,18:23:56
2147,4,1,160,10/4/2025,18:24:56
2148,4,1,160,10/4/2025,18:25:11
2149,99,1,45,10/4/2025,18:25:28
2150,495,1,35,10/4/2025,22:11:24
2151,118,2,5,10/4/2025,22:20:05
2152,496,1,20,10/4/2025,22:20:24
2153,497,1,20,10/4/2025,22:21:05
2154,483,1,240,10/4/2025,22:21:49
2155,29,1,330,10/4/2025,23:47:03
2156,314,1,150,10/4/2025,23:47:19
2157,82,1,60,10/4/2025,23:47:40
2158,29,2,330,10/4/2025,23:47:55
2159,364,1,160,10/5/2025,23:33:43
2160,89,1,90,10/5/2025,23:33:58
2161,35,1,135,10/5/2025,23:34:10
2162,239,1,15,10/6/2025,18:19:32
2163,498,1,13,10/6/2025,18:22:44
2164,39,1,2,10/6/2025,18:27:37
2165,132,2,80,10/6/2025,18:28:18
2166,499,1,130,10/6/2025,18:28:38
2167,29,1,330,10/6/2025,18:30:49
2168,500,1,30,10/6/2025,21:41:51
2169,24,1,180,10/6/2025,21:45:20
2170,118,1,6,10/6/2025,21:45:33
2171,304,2,40,10/6/2025,23:39:57
2172,118,4,6.5,10/6/2025,23:40:25
2173,211,2,7,10/6/2025,23:41:03
2174,394,1,30,10/6/2025,23:41:42
2175,3,1,380,10/7/2025,20:19:04
2176,82,1,60,10/7/2025,20:19:19
2177,501,2,120,10/7/2025,22:39:38
2178,502,2,10,10/7/2025,22:42:01
2179,51,1,15,10/7/2025,22:42:46
2180,20,1,90,10/7/2025,22:43:00
2181,328,1,10,10/7/2025,22:43:18
2182,179,1,260,10/7/2025,22:43:34
2183,224,1,80,10/7/2025,22:52:55
2184,3,1,380,10/7/2025,23:54:38
2185,501,1,120,10/7/2025,23:55:00
2186,173,1,65,10/8/2025,17:57:37
2187,290,2,60,10/8/2025,17:57:51
2188,173,1,64,10/8/2025,17:58:06
2189,54,4,5,10/8/2025,17:58:23
2190,7,1,250,10/8/2025,18:28:47
2191,364,1,160,10/8/2025,19:55:43
2192,357,1,120,10/8/2025,19:55:57
2193,69,1,100,10/8/2025,19:56:32
,,,,,
2195,24,1,180,10/8/2025,23:20:02
2196,3,1,380,10/8/2025,23:50:43
2197,69,1,100,10/8/2025,22:19:00
2198,77,1,150,10/9/2025,19:24:03
2199,500,1,24,10/9/2025,19:24:22
2200,111,1,50,10/9/2025,19:24:34
2201,240,1,10,10/9/2025,19:24:49
2202,4,1,160,10/9/2025,19:25:07
2203,24,1,180,10/9/2025,19:25:23
2204,503,1,350,10/9/2025,19:25:38
2205,134,1,150,10/9/2025,19:27:20
2206,159,4,10,10/9/2025,19:27:36
2207,275,4,2.5,10/9/2025,19:28:04
2208,504,1,200,10/9/2025,19:28:55
2209,42,1,45,10/9/2025,19:56:43
2210,3,1,380,10/9/2025,23:16:33
2211,124,1,130,10/10/2025,21:34:09
2212,42,1,45,10/10/2025,22:57:48
2213,328,4,10,10/10/2025,22:58:01
2214,132,1,80,10/10/2025,22:58:20
2215,383,3,28,10/11/2025,17:37:07
2216,426,3,2,10/11/2025,17:37:33
2217,505,1,140,10/11/2025,17:38:03
2218,4,1,160,10/11/2025,17:38:49
2219,89,1,90,10/11/2025,18:46:02
2220,67,1,5,10/11/2025,18:47:04
2221,31,1,250,10/11/2025,19:34:00
2222,4,1,160,10/11/2025,19:59:56
2223,501,1,120,10/11/2025,20:00:13
2224,364,1,160,10/11/2025,20:00:36
2225,13,1,70,10/11/2025,21:13:00
2226,42,1,45,10/11/2025,21:20:00
2227,82,1,60,10/11/2025,21:30:00
2228,126,1,10,10/11/2025,22:15:00
2229,179,1,260,10/11/2025,22:20:00
2230,144,1,80,10/11/2025,21:00:00
2231,501,2,110,10/11/2025,23:17:00
2232,501,1,110,10/11/2025,23:20:00
2233,131,1,200,10/12/2025,23:37:05
2234,42,2,45,10/12/2025,23:37:31
2235,24,1,180,10/12/2025,23:37:43
2236,29,1,330,10/12/2025,23:58:21
2237,433,1,8,10/13/2025,19:25:39
2238,276,2,2,10/13/2025,19:26:11
2239,268,1,5,10/13/2025,19:26:29
2240,51,1,15,10/13/2025,19:26:55
2241,4,1,160,10/13/2025,19:27:16
2242,229,2,300,10/13/2025,19:27:30
2243,277,1,340,10/13/2025,19:27:52
2244,42,1,45,10/13/2025,19:29:36
2245,82,1,60,10/13/2025,19:29:50
2246,19,1,30,10/13/2025,19:30:05
2247,89,1,90,10/13/2025,19:30:19
2248,13,1,70,10/13/2025,19:32:08
2249,506,2,575,10/13/2025,20:39:44
2250,280,1,280,10/13/2025,20:40:45
2251,507,1,900,10/13/2025,23:21:27
2252,13,1,70,10/13/2025,23:22:14
2253,13,1,70,10/13/2025,23:57:11
2254,77,1,150,10/14/2025,17:57:39
2255,121,1,10,10/14/2025,17:57:54
2256,247,2,140,10/14/2025,17:58:14
2257,505,1,140,10/14/2025,17:58:28
2258,197,1,50,10/14/2025,19:36:56
2259,89,1,90,10/14/2025,20:45:21
2260,4,1,160,10/14/2025,20:58:25
2261,31,1,250,10/14/2025,23:56:00
2262,121,1,10,10/14/2025,23:57:00
2263,465,1,5,10/15/2025,14:03:00
2264,319,1,5,10/15/2025,19:03:00
2265,56,1,25,10/15/2025,20:04:00
2266,12,1,5,10/15/2025,20:05:00
2267,29,1,330,10/15/2025,20:06:00
2268,358,1,110,10/15/2025,21:06:00
2269,198,1,45,10/15/2025,21:12:00
2270,23,1,260,10/15/2025,22:07:00
2271,102,1,260,10/15/2025,22:18:00
2272,77,1,150,10/15/2025,23:09:00
2273,82,1,60,10/15/2025,22:24:00
2274,276,16,2.5,10/15/2025,22:12:00
2275,314,1,150,10/16/2025,19:37:45
2276,13,1,70,10/16/2025,19:38:21
2277,147,1,45,10/16/2025,20:26:00
2278,121,1,15,10/16/2025,20:27:00
2279,441,1,15,10/16/2025,20:28:00
2280,500,1,25,10/16/2025,21:28:00
2281,4,1,160,10/16/2025,22:28:00
2282,132,1,80,10/16/2025,22:30:00
2283,35,1,135,10/16/2025,23:29:00
2284,31,1,250,10/16/2025,23:30:00
2285,17,1,80,10/17/2025,18:27:58
2286,173,1,65,10/17/2025,18:29:16
2287,395,1,110,10/17/2025,18:30:06
2288,376,1,55,10/17/2025,18:30:24
2289,329,1,120,10/17/2025,18:30:44
2290,282,1,280,10/17/2025,18:31:31
2291,22,1,50,10/17/2025,21:47:41
2292,51,1,10,10/17/2025,21:48:04
2293,13,1,70,10/17/2025,21:48:18
2294,508,1,160,10/17/2025,22:05:00
2295,319,4,3,10/18/2025,18:07:28
2296,285,4,2,10/18/2025,18:07:46
2297,102,1,260,10/18/2025,18:08:39
2298,4,1,160,10/18/2025,18:09:18
2299,364,2,160,10/18/2025,18:09:38
2300,72,10,15,10/18/2025,18:09:59
2301,509,20,4,10/18/2025,18:11:11
2302,510,1,20,10/18/2025,18:13:03
2303,144,1,80,10/18/2025,18:14:41
2304,82,1,60,10/18/2025,19:35:58
2305,134,1,150,10/18/2025,20:12:53
2306,82,1,60,10/18/2025,23:39:17
2307,123,3,6,10/18/2025,21:30:00
2308,511,1,12,10/18/2025,21:31:00
2309,121,1,15,10/18/2025,21:32:00
2310,512,1,95,10/18/2025,21:33:00
2311,513,4,2.5,10/18/2025,21:34:00
2312,102,1,260,10/18/2025,23:45:00
2313,169,1,250,10/19/2025,21:34:00
2314,24,1,180,10/19/2025,22:34:00
2315,346,1,30,10/19/2025,22:35:00
2316,82,1,60,10/20/2025,15:33:36
2317,447,1,230,10/20/2025,15:34:25
2318,42,1,45,10/20/2025,15:35:07
2319,1,2,180,10/20/2025,15:35:39
2320,500,1,25,10/20/2025,15:36:01
2321,12,2,6,10/20/2025,15:36:16
2322,411,4,2,10/20/2025,15:36:42
2323,508,1,160,10/20/2025,15:37:48
2324,221,1,40,10/21/2025,18:45:12
2325,85,2,6,10/21/2025,18:45:34
2326,108,1,515,10/21/2025,18:45:47
2327,449,2,45,10/21/2025,18:46:08
2328,111,1,50,10/21/2025,18:46:43
2329,56,1,25,10/21/2025,18:47:05
2330,15,1,50,10/21/2025,18:47:30
2331,268,4,6,10/21/2025,18:48:08
2332,276,4,2.5,10/21/2025,18:48:44
2333,89,1,90,10/21/2025,18:49:02
2334,12,1,5,10/21/2025,18:49:21
2335,79,1,50,10/21/2025,19:22:14
2336,224,1,80,10/21/2025,23:28:18
2337,89,1,90,10/21/2025,23:28:35
2338,51,1,10,10/22/2025,17:34:38
2339,42,1,45,10/22/2025,17:34:55
2340,173,1,65,10/22/2025,17:35:08
2341,364,1,160,10/22/2025,21:59:00
2342,118,2,7,10/22/2025,21:00:00
2343,224,1,80,10/22/2025,22:00:00
2344,69,1,100,10/22/2025,22:03:00
2345,3,1,380,10/22/2025,22:10:00
2346,67,1,5,10/22/2025,22:24:00
2347,77,2,150,10/22/2025,23:04:00
2348,24,1,180,10/23/2025,23:26:26
2349,43,2,125,10/24/2025,20:12:49
2350,42,1,45,10/24/2025,20:13:29
2351,179,1,260,10/24/2025,23:03:36
2352,29,1,330,10/24/2025,23:03:53
2353,82,1,60,10/24/2025,23:04:12
2354,132,1,80,10/24/2025,23:04:27
2355,303,1,30,10/24/2025,23:44:16
2356,514,1,12,10/25/2025,18:45:28
2357,515,4,6,10/25/2025,18:47:03
2358,274,1,3,10/25/2025,18:48:15
2359,503,1,350,10/25/2025,18:48:35
2360,464,1,350,10/25/2025,18:49:09
2361,97,1,20,10/25/2025,18:49:47
2362,514,1,15,10/25/2025,18:50:22
2363,233,1,20,10/25/2025,18:51:51
2364,426,1,2.5,10/25/2025,18:52:17
2365,18,1,2.5,10/25/2025,18:52:37
2366,204,2,15,10/25/2025,18:53:08
2367,9,1,95,10/25/2025,18:53:26
2368,94,1,14,10/25/2025,18:53:43
2369,24,1,180,10/25/2025,22:05:55
2370,397,1,150,10/25/2025,22:06:06
2371,29,1,330,10/25/2025,22:06:21
2372,483,1,240,10/25/2025,23:30:00
2373,4,2,160,10/26/2025,23:41:35
2374,31,1,250,10/26/2025,23:41:50
2375,29,1,330,10/26/2025,23:42:08
2376,235,1,45,10/26/2025,23:42:26
2377,31,1,250,10/26/2025,23:42:43
2378,455,2,135,10/27/2025,18:15:53
2379,516,1,390,10/27/2025,18:16:11
2380,236,4,30,10/27/2025,18:16:59
2381,126,1,10,10/27/2025,18:17:22
2382,155,1,100,10/27/2025,18:17:37
2383,364,1,160,10/27/2025,18:19:08
2384,67,1,5,10/27/2025,18:20:39
2385,242,1,130,10/27/2025,22:04:27
2386,56,1,25,10/27/2025,23:24:05
2387,368,2,12.5,10/28/2025,18:09:44
2388,42,1,45,10/28/2025,23:10:48
2389,147,1,45,10/28/2025,23:11:04
2390,517,1,110,10/29/2025,18:19:34
2391,24,1,180,10/29/2025,18:20:19
2392,4,1,160,10/29/2025,23:02:50
2393,24,1,180,10/29/2025,23:03:02
2394,31,1,250,10/29/2025,23:03:25
2395,13,1,70,10/29/2025,23:45:52
2396,518,1,170,10/30/2025,18:28:55
2397,179,1,260,10/30/2025,18:33:35
2398,34,1,80,10/30/2025,18:33:49
2399,4,4,160,10/30/2025,19:10:42
2400,3,1,380,10/30/2025,23:29:32
2401,179,1,260,10/30/2025,23:30:06
2402,186,1,60,10/30/2025,23:38:44
2403,179,2,260,10/30/2025,23:39:08
2404,17,1,80,10/30/2025,23:40:00
2405,212,1,80,10/30/2025,23:41:00
2406,17,1,70,10/30/2025,23:42:00
2407,77,1,150,10/30/2025,23:44:00
2408,31,1,250,10/30/2025,23:45:00
2409,51,1,10,10/30/2025,23:30:00
2410,77,1,150,10/31/2025,21:18:29
2411,235,1,45,10/31/2025,21:18:44
2412,13,1,70,10/31/2025,21:18:57
2413,24,1,180,10/31/2025,23:54:05
2414,337,1,30,10/31/2025,23:54:21
2415,17,1,70,10/31/2025,23:54:40
2416,31,1,250,10/31/2025,23:55:01
2417,353,1,200,10/31/2025,23:55:15
2418,111,1,50,10/31/2025,23:55:35
2419,18,3,3,10/31/2025,23:55:50
2420,211,6,8,11/1/2025,17:56:23
2421,411,4,2,11/1/2025,17:57:29
2422,118,10,6,11/1/2025,17:58:00
2423,273,2,15,11/1/2025,17:58:22
2424,519,2,15,11/1/2025,17:58:46
2425,274,4,3,11/1/2025,17:59:44
2426,285,8,2,11/1/2025,18:00:03
2427,69,1,100,11/1/2025,18:00:25
2428,42,1,45,11/1/2025,18:00:48
2429,42,2,45,11/1/2025,18:49:08
2430,104,2,150,11/1/2025,21:01:43
2431,4,1,160,11/1/2025,21:02:15
2432,24,1,180,11/1/2025,21:02:47
2433,77,1,150,11/1/2025,21:03:01
2434,68,1,10,11/1/2025,21:03:21
2435,24,1,180,11/1/2025,21:03:33
2436,29,1,330,11/1/2025,23:46:59
2437,89,2,90,11/3/2025,17:31:49
2438,287,1,170,11/3/2025,17:32:08
2439,364,1,160,11/3/2025,18:31:11
2440,147,1,60,11/3/2025,18:31:25
2441,124,1,120,11/3/2025,19:55:27
2442,12,1,5,11/3/2025,20:33:16
2443,136,1,3,11/3/2025,20:33:33
2444,159,1,15,11/3/2025,21:35:04
2445,17,1,80,11/3/2025,21:35:18
2446,24,1,180,11/3/2025,22:16:00
2447,37,1,135,11/3/2025,22:17:00
2448,24,1,180,11/3/2025,23:17:00
2449,1,2,180,11/2/2025,21:36:00
2450,179,1,260,11/2/2025,21:37:00
2451,188,1,140,11/2/2025,21:42:00
2452,42,2,45,11/2/2025,22:38:00
2453,42,2,45,11/4/2025,17:54:26
2454,520,1,480,11/4/2025,17:57:55
2455,192,1,960,11/4/2025,17:59:49
2456,521,1,380,11/4/2025,18:00:08
2457,56,1,25,11/4/2025,18:01:20
2458,324,1,160,11/4/2025,18:02:07
2459,94,1,15,11/4/2025,18:02:26
2460,89,1,90,11/4/2025,22:03:37
2461,31,1,250,11/4/2025,22:03:57
2462,483,1,240,11/4/2025,23:25:19
2463,165,2,280,11/4/2025,23:26:09
2464,522,2,320,11/4/2025,23:26:36
2465,523,1,35,11/5/2025,18:45:24
2466,428,1,60,11/5/2025,18:46:37
2467,182,1,180,11/5/2025,18:47:02
2468,179,1,260,11/5/2025,18:47:22
2469,31,1,250,11/5/2025,18:53:40
2470,24,1,180,11/5/2025,21:56:33
2471,24,1,180,11/5/2025,21:56:45
2472,89,1,90,11/5/2025,21:56:58
2473,181,1,310,11/5/2025,23:47:34
2474,382,1,55,11/5/2025,23:47:49
2475,524,2,7.5,11/5/2025,23:48:20
2476,67,1,5,11/5/2025,23:49:16
2477,29,1,330,11/5/2025,23:49:39
2478,525,1,290,11/6/2025,19:48:44
2479,51,1,10,11/6/2025,19:56:53
2480,24,1,180,11/6/2025,21:15:29
2481,69,1,100,11/6/2025,23:40:53
2482,526,1,55,11/6/2025,23:41:59
2483,136,2,2.5,11/6/2025,23:45:03
2484,514,1,17,11/6/2025,23:45:27
2485,274,2,4,11/6/2025,23:46:05
2486,31,1,250,11/7/2025,19:15:29
2487,17,1,80,11/7/2025,19:16:09
2488,42,1,45,11/7/2025,19:16:26
2489,166,1,165,11/7/2025,19:16:41
2490,144,1,80,11/7/2025,22:03:39
2491,179,1,260,11/7/2025,22:39:00
2492,527,1,230,11/8/2025,19:11:57
2493,1,1,180,11/8/2025,19:12:36
2494,4,1,160,11/8/2025,19:12:50
2495,42,1,45,11/8/2025,20:14:12
2496,29,1,330,11/8/2025,21:37:00
2497,179,1,260,11/8/2025,21:52:00
2498,31,1,250,11/8/2025,21:38:00
2499,42,1,45,11/8/2025,22:50:00
2500,31,1,250,11/8/2025,23:12:00
2501,8,1,150,11/9/2025,22:47:42
2502,102,1,150,11/10/2025,19:40:37
2503,4,1,160,11/10/2025,19:41:16
2504,528,1,140,11/10/2025,19:41:44
2505,465,1,8,11/10/2025,19:43:09
2506,77,1,150,11/10/2025,21:53:48
2507,24,1,180,11/10/2025,22:08:00
2508,3,1,380,11/10/2025,23:09:00
2509,366,2,190,11/11/2025,19:18:21
2510,423,2,205,11/11/2025,19:18:42
2511,397,1,150,11/11/2025,19:20:54
2512,42,1,45,11/11/2025,19:21:12
2513,42,1,45,11/11/2025,23:48:00
2514,31,1,250,11/11/2025,23:48:47
2515,103,3,250,11/12/2025,17:20:47
2516,230,4,260,11/12/2025,17:22:13
2517,529,2,150,11/12/2025,17:23:31
2518,4,1,160,11/12/2025,17:25:40
2519,179,1,260,11/12/2025,17:25:58
2520,29,1,330,11/12/2025,18:02:17
2521,13,1,70,11/12/2025,19:16:27
2522,94,1,15,11/12/2025,20:48:42
2523,500,1,25,11/12/2025,20:51:35
2524,224,1,80,11/12/2025,23:53:36
2525,468,2,90,11/13/2025,17:39:14
2526,448,1,200,11/13/2025,17:40:07
2527,301,2,15,11/13/2025,17:40:25
2528,42,2,45,11/13/2025,17:41:34
2529,453,1,10,11/13/2025,17:41:51
2530,67,1,5,11/13/2025,21:05:18
2531,369,1,480,11/13/2025,21:05:33
2532,464,1,350,11/13/2025,21:06:12
2533,192,1,970,11/13/2025,21:06:37
2534,70,1,3,11/14/2025,17:39:17
2535,219,1,120,11/14/2025,17:39:33
2536,385,1,175,11/14/2025,17:42:44
2537,296,1,15,11/14/2025,17:43:10
2538,77,1,140,11/14/2025,17:43:52
2539,530,6,7,11/14/2025,17:44:34
2540,163,12,2,11/14/2025,17:48:32
2541,531,1,90,11/14/2025,17:48:53
2542,8,1,140,11/14/2025,17:51:40
2543,532,1,290,11/14/2025,19:41:09
2544,533,1,440,11/14/2025,19:43:07
2545,91,1,440,11/14/2025,20:03:28
2546,523,1,35,11/14/2025,20:03:49
2547,156,1,330,11/14/2025,20:04:23
2548,70,2,2.5,11/14/2025,20:05:51
2549,159,4,15,11/14/2025,20:06:07
2550,70,20,5,11/14/2025,20:06:31
2551,346,1,30,11/14/2025,20:26:18
2552,13,1,70,11/14/2025,21:34:19
2553,121,1,15,11/14/2025,22:08:00
2554,3,1,380,11/14/2025,23:08:00
2555,523,1,35,11/15/2025,19:49:12
2556,29,1,330,11/15/2025,19:49:32
2557,222,1,160,11/15/2025,19:49:45
2558,104,2,150,11/15/2025,20:16:12
2559,4,1,160,11/15/2025,20:16:41
2560,166,2,160,11/15/2025,21:35:16
2561,147,1,60,11/15/2025,21:35:36
2562,416,1,120,11/15/2025,22:21:00
2563,534,2,5,11/15/2025,22:22:00
2564,42,1,45,11/16/2025,22:34:47
2565,29,1,330,11/16/2025,22:35:11
2566,56,1,25,11/16/2025,22:35:28
2567,500,1,25,11/16/2025,22:35:45
2568,126,2,10,11/16/2025,22:35:58
2569,510,1,20,11/17/2025,20:13:29
2570,288,1,120,11/17/2025,20:13:46
2571,535,1,1230,11/17/2025,20:14:01
2572,114,1,125,11/17/2025,20:15:47
2573,280,1,170,11/17/2025,20:17:16
2574,212,1,80,11/17/2025,20:17:44
2575,94,3,15,11/17/2025,20:18:10
2576,42,1,45,11/17/2025,20:36:03
2577,428,1,60,11/17/2025,21:08:00
2578,508,1,160,11/17/2025,22:09:00
2579,24,1,180,11/17/2025,22:15:00
2580,12,5,5,11/17/2025,23:10:00
2581,163,6,5,11/17/2025,23:12:00
2582,26,1,450,11/17/2025,23:30:00
2583,144,1,80,11/18/2025,19:31:35
2584,314,1,140,11/18/2025,19:40:34
2585,536,1,83,11/18/2025,19:43:02
2586,79,1,50,11/18/2025,19:44:43
2587,70,2,3,11/18/2025,19:45:32
2588,288,1,120,11/18/2025,19:45:46
2589,121,3,12,11/18/2025,19:46:05
2590,511,2,10,11/18/2025,19:46:26
2591,11,1,140,11/18/2025,19:55:50
2592,446,1,90,11/18/2025,19:56:47
2593,507,1,1150,11/18/2025,19:57:04
2594,15,1,55,11/18/2025,19:57:28
2595,296,2,15,11/18/2025,19:57:49
2596,211,2,8,11/18/2025,19:58:08
2597,18,2,2,11/18/2025,19:59:46
2598,290,2,80,11/18/2025,20:11:04
2599,415,3,250,11/18/2025,20:11:26
2600,51,4,12.5,11/18/2025,20:14:48
2601,114,1,125,11/18/2025,20:17:53
2602,280,1,170,11/18/2025,20:19:50
2603,537,1,93,11/18/2025,20:20:11
2604,538,1,65,11/18/2025,20:23:15
2605,275,6,2,11/18/2025,20:24:06
2606,24,1,180,11/18/2025,23:41:35
2607,29,1,330,11/18/2025,23:41:54
2608,67,2,5,11/19/2025,18:53:53
2609,79,2,50,11/19/2025,18:54:18
2610,482,1,370,11/19/2025,18:55:13
2611,419,1,190,11/19/2025,18:55:37
2612,69,1,100,11/19/2025,19:59:46
2613,235,2,45,11/19/2025,23:46:58
2614,3,1,380,11/19/2025,23:47:13
2615,179,1,260,11/19/2025,23:47:32
2616,121,1,15,11/19/2025,23:47:45
2617,31,1,250,11/19/2025,23:47:58
2618,327,1,16,11/19/2025,23:48:20
2619,81,2,2,11/19/2025,23:48:36
2620,31,1,250,11/20/2025,14:19:03
2621,433,4,9,11/20/2025,18:14:12
2622,89,1,90,11/20/2025,18:26:13
2623,69,1,100,11/20/2025,18:26:45
2624,77,1,150,11/20/2025,18:27:00
2625,31,1,250,11/20/2025,18:27:24
2626,118,4,6,11/20/2025,18:27:38
2627,268,5,6,11/20/2025,18:28:08
2628,276,5,3,11/20/2025,18:30:01
2629,42,1,45,11/20/2025,18:30:38
2630,77,1,150,11/20/2025,18:30:58
2631,93,1,520,11/20/2025,18:35:51
2632,257,1,730,11/20/2025,18:36:14
2633,243,1,180,11/20/2025,18:36:37
2634,539,4,8,11/20/2025,18:37:09
2635,274,2,4,11/20/2025,18:38:40
2636,9,1,105,11/20/2025,18:39:25
2637,42,1,45,11/20/2025,18:39:43
2638,540,1,15,11/20/2025,18:40:11
2639,111,1,50,11/20/2025,18:40:57
2640,164,12,2,11/20/2025,18:41:17
2641,70,4,2.5,11/20/2025,18:41:49
2642,51,1,10,11/20/2025,18:42:11
2643,288,1,120,11/20/2025,20:06:02
2644,314,1,150,11/20/2025,20:06:19
2645,31,1,250,11/20/2025,23:35:05
2646,303,1,40,11/21/2025,19:01:43
2647,42,1,45,11/21/2025,19:02:04
2648,31,1,250,11/21/2025,19:02:19
2649,212,1,80,11/21/2025,19:02:46
2650,21,4,10,11/21/2025,19:03:04
2651,29,1,330,11/21/2025,20:12:00
2652,20,2,90,11/21/2025,22:12:00
2653,70,2,3,11/21/2025,22:13:00
2654,249,2,20,11/21/2025,22:15:00
2655,88,1,5,11/21/2025,23:14:00
2656,3,1,380,11/21/2025,23:20:00
2657,212,1,80,11/22/2025,18:52:41
2658,541,1,35,11/22/2025,18:53:21
2659,15,1,55,11/22/2025,18:54:10
2660,300,1,210,11/22/2025,18:54:27
2661,428,1,60,11/22/2025,18:54:59
2662,272,2,2.5,11/22/2025,18:55:18
2663,21,2,10,11/22/2025,20:06:00
2664,31,1,250,11/22/2025,22:07:00
2665,288,1,120,11/22/2025,22:18:00
2666,71,1,20,11/22/2025,19:19:00
2667,42,4,45,11/24/2025,17:41:25
2668,17,1,80,11/24/2025,17:41:59
2669,90,1,110,11/24/2025,17:42:42
2670,213,1,770,11/24/2025,23:52:33
2671,193,1,164,11/24/2025,23:52:50
2672,542,1,150,11/24/2025,23:53:14
2673,164,8,2,11/24/2025,23:54:02
2674,267,1,40,11/24/2025,23:54:24
2675,34,1,80,11/24/2025,23:54:44
2676,29,1,330,11/24/2025,23:54:57
2677,69,1,100,11/25/2025,20:17:59
2678,500,1,25,11/25/2025,20:19:39
2679,543,1,460,11/25/2025,20:19:53
2680,162,4,6,11/25/2025,20:23:05
2681,470,1,30,11/25/2025,20:23:56
2682,88,1,4,11/25/2025,20:25:37
2683,158,6,6,11/25/2025,20:26:03
2684,3,1,380,11/25/2025,20:27:06
2685,395,2,110,11/25/2025,20:27:22
2686,51,2,10,11/25/2025,20:27:44
2687,4,1,160,11/25/2025,20:27:59
2688,13,1,70,11/25/2025,22:19:18
2689,29,1,330,11/25/2025,22:19:32
2690,69,1,100,11/25/2025,22:19:45
2691,56,1,25,11/25/2025,23:58:55
2692,74,1,30,11/25/2025,23:59:08
2693,157,2,15,11/26/2025,19:42:04
2694,39,4,2,11/26/2025,19:42:22
2695,448,1,200,11/26/2025,19:42:39
2696,212,1,80,11/26/2025,19:42:58
2697,4,1,160,11/26/2025,19:43:16
2698,104,1,160,11/26/2025,19:44:01
2699,314,1,150,11/26/2025,20:05:15
2700,4,1,160,11/26/2025,23:17:03
2701,232,1,60,11/26/2025,23:18:02
2702,74,1,30,11/26/2025,23:18:18
2703,69,1,100,11/27/2025,20:18:45
2704,544,1,240,11/27/2025,23:42:29
2705,29,1,330,11/27/2025,23:43:40
2706,443,2,10,11/27/2025,23:43:55
2707,545,1,5,11/27/2025,23:44:16
2708,3,1,380,11/27/2025,23:44:53
2709,546,6,20,11/27/2025,23:50:00
2710,8,1,140,11/28/2025,23:58:46
2711,266,1,220,11/28/2025,23:59:04
2712,42,1,45,11/29/2025,19:25:31
2713,134,1,150,11/29/2025,19:25:44
2714,119,1,115,11/29/2025,19:25:58
2715,474,1,110,11/29/2025,19:26:19
2716,77,1,150,11/29/2025,23:54:40
2717,124,1,125,12/1/2025,18:15:23
2718,42,1,45,12/1/2025,18:16:45
2719,4,1,160,12/1/2025,18:18:04
2720,89,1,90,12/1/2025,18:18:18
2721,547,1,180,12/1/2025,18:18:33
2722,4,1,160,12/1/2025,18:44:38
2723,8,1,140,12/1/2025,18:45:08
2724,13,1,70,12/1/2025,22:16:41
2725,179,1,260,12/1/2025,23:06:00
2726,519,1,18,12/2/2025,18:50:16
2727,274,1,5,12/2/2025,18:50:51
2728,276,4,2,12/2/2025,18:51:16
2729,12,2,5,12/2/2025,18:51:39
2730,163,2,2,12/2/2025,18:51:56
2731,227,4,135,12/2/2025,18:52:13
2732,314,1,150,12/2/2025,19:11:28
2733,144,1,80,12/3/2025,20:26:35
2734,213,1,770,12/3/2025,20:27:01
2735,115,1,100,12/3/2025,20:28:53
2736,480,1,130,12/3/2025,20:29:19
2737,268,1,6,12/3/2025,20:29:46
2738,276,1,2,12/3/2025,20:32:03
2739,19,1,30,12/3/2025,20:33:29
2740,198,1,40,12/3/2025,20:33:45
2741,102,1,250,12/3/2025,20:34:05
2742,548,2,270,12/3/2025,20:34:19
2743,549,1,130,12/3/2025,20:35:23
2744,256,1,160,12/3/2025,20:36:49
2745,31,1,250,12/3/2025,20:37:51
2746,8,1,140,12/3/2025,22:42:00
2747,94,1,15,12/3/2025,20:45:00
2748,103,1,250,12/4/2025,17:27:15
2749,77,1,150,12/4/2025,17:27:33
2750,550,1,50,12/4/2025,17:27:54
2751,4,1,160,12/4/2025,23:53:31
2752,15,1,50,12/4/2025,23:53:44
2753,341,1,170,12/4/2025,23:54:20
2754,42,1,45,12/4/2025,23:55:35
2755,201,1,830,12/4/2025,23:55:52
2756,483,1,240,12/4/2025,23:56:17
2757,218,1,250,12/5/2025,18:22:34
2758,29,1,330,12/5/2025,18:23:37
2759,501,2,120,12/5/2025,18:24:02
2760,45,1,110,12/5/2025,18:24:32
2761,114,1,130,12/5/2025,18:24:50
2762,17,1,80,12/5/2025,18:25:20
2763,42,1,45,12/5/2025,18:25:34
2764,551,1,675,12/5/2025,20:10:39
2765,56,1,25,12/5/2025,20:11:45
2766,3,1,380,12/5/2025,20:37:15
2767,41,3,35,12/5/2025,20:49:01
2768,186,1,60,12/5/2025,20:49:27
2769,552,1,85,12/5/2025,20:49:44
2770,282,2,280,12/6/2025,19:37:52
2771,553,1,420,12/6/2025,19:38:40
2772,134,1,150,12/6/2025,19:41:45
2773,165,1,290,12/6/2025,19:42:00
2774,34,1,80,12/6/2025,19:43:14
2775,8,1,140,12/6/2025,23:46:39
2776,31,1,250,12/6/2025,23:46:58
2777,42,1,45,12/6/2025,23:47:13
2778,36,1,105,12/6/2025,23:47:29
2779,31,1,250,12/6/2025,23:48:06
2780,3,1,380,12/6/2025,23:48:48
2781,104,1,150,12/6/2025,23:51:30
2782,212,1,80,12/6/2025,23:51:50
2783,554,1,95,12/6/2025,20:20:00
2784,232,1,55,12/6/2025,20:21:00
2785,42,1,45,12/7/2025,22:46:24
2786,555,2,230,12/7/2025,22:46:39
2787,169,1,240,12/7/2025,22:47:23
2788,24,1,180,12/7/2025,22:47:38
2789,446,1,90,12/8/2025,16:00:44
2790,89,1,90,12/8/2025,16:01:02
2791,79,1,50,12/8/2025,16:01:18
2792,179,1,260,12/8/2025,16:01:35
2793,556,1,150,12/8/2025,16:01:59
2794,523,1,35,12/8/2025,16:03:17
2795,209,1,140,12/8/2025,18:43:21
2796,42,1,45,12/8/2025,18:43:40
2797,179,1,260,12/8/2025,18:44:00
2798,31,1,250,12/8/2025,18:44:16
2799,179,1,260,12/8/2025,20:22:49
2800,29,1,330,12/8/2025,22:51:30
2801,557,1,110,12/8/2025,22:52:37
2802,222,1,160,12/8/2025,23:44:00
2803,375,2,2,12/8/2025,23:45:00
2804,42,1,45,12/9/2025,18:39:48
2805,4,1,160,12/9/2025,18:41:26
2806,245,1,100,12/9/2025,18:41:46
2807,423,3,204,12/9/2025,18:42:06
2808,239,1,15,12/9/2025,18:42:34
2809,558,1,45,12/9/2025,18:42:49
2810,433,1,8,12/9/2025,18:43:50
2811,235,1,40,12/9/2025,18:44:39
2812,173,4,65,12/9/2025,18:45:02
2813,132,4,75,12/9/2025,18:45:17
2814,179,1,260,12/9/2025,23:57:59
2815,69,1,100,12/9/2025,23:58:11
2816,56,1,25,12/9/2025,23:58:24
2817,559,2,85,12/10/2025,19:35:03
2818,15,1,50,12/10/2025,19:36:55
2819,103,1,250,12/10/2025,19:37:55
2820,514,1,12,12/10/2025,19:38:25
2821,274,1,4,12/10/2025,19:38:41
2822,275,2,2,12/10/2025,19:39:17
2823,232,1,70,12/10/2025,19:40:10
2824,240,1,12,12/10/2025,19:42:45
2825,275,2,2,12/10/2025,19:43:58
2826,272,2,3,12/10/2025,19:44:45
2827,141,4,2,12/10/2025,19:45:00
2828,560,1,100,12/10/2025,19:45:16
2829,433,1,8,12/10/2025,19:46:19
2830,276,1,2,12/10/2025,19:46:51
2831,40,1,10,12/10/2025,19:47:58
2832,249,2,15,12/10/2025,19:48:15
2833,42,1,45,12/10/2025,19:50:35
2834,500,1,25,12/10/2025,19:50:56
2835,17,1,80,12/10/2025,19:51:31
2836,24,1,180,12/10/2025,19:52:21
2837,29,1,330,12/10/2025,21:27:00
2838,240,3,10,12/10/2025,20:28:00
2839,276,3,2,12/10/2025,20:28:00
2840,102,1,260,12/10/2025,22:29:00
2841,67,1,5,12/10/2025,19:54:00
2842,63,1,140,12/11/2025,18:42:11
2843,443,2,12,12/11/2025,18:42:46
2844,428,1,70,12/11/2025,18:43:14
2845,561,2,140,12/11/2025,18:43:55
2846,562,1,240,12/11/2025,18:44:38
2847,260,1,155,12/11/2025,18:45:30
2848,77,1,150,12/11/2025,20:43:22
2849,491,1,60,12/11/2025,21:36:00
2850,126,5,10,12/11/2025,22:37:00
2851,500,1,25,12/12/2025,18:43:35
2852,103,2,250,12/12/2025,18:43:47
2853,29,1,330,12/12/2025,20:40:53
2854,56,1,25,12/12/2025,20:41:08
2855,209,1,150,12/12/2025,20:41:21
2856,17,1,80,12/12/2025,23:04:05
2857,126,5,10,12/12/2025,23:05:05
2858,42,1,45,12/12/2025,23:05:21
2859,126,5,10,12/12/2025,23:06:19
2860,15,1,55,12/12/2025,21:11:00
2861,13,1,70,12/13/2025,19:36:11
2862,23,2,250,12/13/2025,19:36:49
2863,56,1,25,12/13/2025,19:38:24
2864,183,1,310,12/13/2025,19:38:45
2865,563,1,260,12/13/2025,19:39:05
2866,29,1,330,12/13/2025,23:54:19
2867,229,1,350,12/13/2025,23:54:32
2868,68,1,10,12/13/2025,23:55:54
2869,564,1,11,12/13/2025,23:56:24
2870,275,1,2,12/13/2025,23:57:44
2871,81,1,2,12/13/2025,23:58:03
2872,92,1,430,12/13/2025,23:58:15
2873,565,1,30,12/13/2025,23:58:39
2874,12,3,5,12/13/2025,23:56:00
2875,31,1,250,12/13/2025,23:59:00
2876,158,2,5,12/14/2025,22:53:05
2877,131,1,210,12/14/2025,22:53:20
2878,244,1,270,12/14/2025,22:53:59
2879,26,1,470,12/14/2025,22:54:16
2880,29,1,330,12/14/2025,22:54:30
2881,4,2,160,12/15/2025,16:38:28
2882,203,1,275,12/15/2025,16:38:47
2883,40,3,10,12/15/2025,16:39:21
2884,199,1,15,12/15/2025,16:39:43
2885,566,1,410,12/15/2025,16:40:19
2886,34,2,70,12/15/2025,16:41:22
2887,203,1,280,12/15/2025,16:41:42
2888,42,1,45,12/15/2025,16:42:14
2889,68,2,10,12/15/2025,16:42:25
2890,567,4,20,12/15/2025,18:15:23
2891,444,4,10,12/15/2025,18:16:06
2892,13,1,70,12/15/2025,18:17:00
2893,160,1,30,12/15/2025,18:17:14
2894,240,1,10,12/15/2025,18:17:30
2895,285,1,2,12/15/2025,18:17:44
2896,13,1,70,12/15/2025,22:49:04
2897,17,1,80,12/15/2025,22:49:24
2898,13,1,70,12/15/2025,22:49:53
2899,42,1,45,12/15/2025,22:50:11
2900,68,2,10,12/15/2025,23:23:11
2901,416,1,120,12/15/2025,23:24:24
2902,174,2,5,12/15/2025,23:24:45
2903,426,2,2,12/15/2025,23:25:06
2904,278,1,20,12/15/2025,23:25:33
2905,346,1,30,12/15/2025,23:24:00
2906,314,1,150,12/16/2025,18:17:10
2907,477,2,110,12/16/2025,18:17:29
2908,505,4,140,12/16/2025,18:17:47
2909,358,2,120,12/16/2025,18:23:48
2910,179,1,260,12/16/2025,23:00:40
2911,24,1,180,12/16/2025,23:01:03
2912,31,1,250,12/16/2025,23:01:18
2913,474,2,110,12/17/2025,19:32:51
2914,42,2,45,12/17/2025,19:33:19
2915,42,1,45,12/17/2025,19:33:36
2916,56,1,25,12/17/2025,19:33:48
2917,568,2,40,12/17/2025,19:34:22
2918,377,2,7,12/17/2025,19:35:16
2919,569,2,5,12/17/2025,19:35:43
2920,4,1,160,12/17/2025,19:37:11
2921,67,1,5,12/17/2025,23:52:40
2922,13,1,70,12/17/2025,23:53:02
2923,3,2,380,12/17/2025,23:53:18
2924,278,1,25,12/17/2025,23:53:36
2925,146,1,255,12/17/2025,23:54:12
2926,121,1,15,12/17/2025,23:54:47
2927,372,1,30,12/17/2025,23:55:24
2928,570,1,220,12/18/2025,19:28:19
2929,13,1,70,12/18/2025,19:29:02
2930,484,1,190,12/18/2025,19:29:20
2931,166,2,170,12/18/2025,19:29:38
2932,179,1,260,12/18/2025,23:29:27
2933,132,2,70,12/18/2025,23:29:50
2934,42,1,45,12/19/2025,23:30:31
2935,433,4,9,12/19/2025,23:30:45
2936,42,1,45,12/19/2025,23:31:13
2937,571,1,15,12/19/2025,23:31:53
2938,240,3,30,12/19/2025,23:32:23
2939,275,3,2,12/19/2025,23:32:45
2940,272,4,2,12/19/2025,23:33:26
2941,141,2,2,12/19/2025,23:33:41
2942,13,1,70,12/19/2025,23:33:54
2943,68,1,10,12/19/2025,23:34:06
2944,56,1,25,12/22/2025,19:58:30
2945,558,1,45,12/22/2025,19:58:49
2946,31,1,250,12/22/2025,19:59:35
2947,237,1,140,12/22/2025,19:59:51
2948,238,1,15,12/22/2025,20:00:11
2949,199,1,15,12/22/2025,20:00:27
2950,239,2,15,12/22/2025,19:04:00
2951,179,1,260,12/22/2025,21:32:22
2952,179,1,260,12/22/2025,21:32:36
2953,171,1,220,12/23/2025,16:15:00
2954,228,1,60,12/23/2025,16:16:00
2955,56,1,25,12/23/2025,16:17:00
2956,572,1,200,12/23/2025,16:17:13
2957,573,1,300,12/23/2025,17:18:00
2958,4,1,160,12/23/2025,18:20:00
2959,13,1,70,12/23/2025,19:21:00
2960,523,1,35,12/23/2025,13:41:00
2961,42,1,45,12/23/2025,19:22:00
2962,69,1,100,12/23/2025,20:23:00
2963,179,1,260,12/23/2025,21:23:00
2964,42,1,45,12/23/2025,21:24:00
2965,278,2,25,12/23/2025,22:31:00
2966,17,1,80,12/24/2025,17:17:22
2967,340,1,490,12/24/2025,17:17:35
2968,173,1,65,12/24/2025,17:17:52
2969,17,1,80,12/24/2025,17:18:06
2970,17,1,80,12/24/2025,19:47:45
2971,425,1,60,12/24/2025,19:48:06
2972,42,1,45,12/24/2025,19:48:26
2973,68,1,10,12/24/2025,22:31:38
2974,67,1,5,12/24/2025,22:31:50
2975,501,1,120,12/24/2025,22:32:05
2976,135,1,70,12/24/2025,22:32:21
2977,51,1,10,12/24/2025,22:32:38
2978,288,1,120,12/24/2025,22:32:52
2979,126,2,10,12/25/2025,18:09:42
2980,89,1,90,12/25/2025,20:13:19
2981,89,1,90,12/25/2025,20:13:33
2982,69,1,100,12/25/2025,20:32:00
2983,3,1,380,12/25/2025,22:33:00
2984,319,1,2,12/26/2025,18:12:03
2985,131,1,210,12/26/2025,18:18:14
2986,24,1,180,12/26/2025,18:18:47
2987,104,1,150,12/26/2025,18:19:00
2988,230,1,260,12/26/2025,18:19:59
2989,561,1,140,12/26/2025,18:20:19
2990,212,1,80,12/26/2025,18:20:42
2991,126,1,10,12/26/2025,19:06:35
2992,51,1,10,12/26/2025,23:39:51
2993,580,1,40,12/27/2025,18:39:42
2994,210,1,10,12/27/2025,18:40:31
2995,245,1,110,12/27/2025,18:40:45
2996,89,1,90,12/27/2025,18:41:11
2997,583,1,125,12/27/2025,19:57:31
2998,9,1,95,12/27/2025,19:58:57
2999,69,1,100,12/27/2025,23:07:08
3000,31,1,250,12/27/2025,23:07:25
3001,483,1,240,12/27/2025,23:07:40
3002,144,1,80,12/27/2025,23:07:56
3003,31,1,250,12/27/2025,23:55:50
3004,591,1,1,12/27/2025,23:23:00
3005,12,1,5,12/27/2025,23:24:00
3006,51,1,10,12/27/2025,23:25:00
3007,31,1,250,12/28/2025,22:17:37
3008,56,1,25,12/28/2025,22:17:53
3009,28,1,380,12/28/2025,23:47:55
3010,82,1,60,12/29/2025,19:59:29
3011,400,4,7,12/29/2025,19:59:45
3012,592,4,9,12/29/2025,20:00:34
3013,136,4,1,12/29/2025,20:01:20
3014,451,1,270,12/29/2025,20:02:34
3015,593,1,105,12/29/2025,20:02:48
3016,594,1,505,12/29/2025,20:04:20
3017,197,1,60,12/29/2025,20:05:53
3018,82,1,60,12/29/2025,20:06:12
3019,4,1,160,12/29/2025,20:06:25
3020,577,1,45,12/29/2025,21:20:35
3021,24,1,180,12/29/2025,21:20:54
3022,179,1,260,12/29/2025,21:44:48
3023,179,1,260,12/29/2025,21:45:02
3024,82,1,60,12/29/2025,22:28:51
3025,102,5,260,12/29/2025,22:29:21
3026,24,1,180,12/29/2025,22:29:42
3027,220,1,420,12/29/2025,23:39:03
3028,399,1,155,12/30/2025,18:50:09
3029,57,1,120,12/30/2025,18:50:33
3030,329,2,120,12/30/2025,18:50:56
3031,69,1,100,12/30/2025,18:51:55
3032,31,1,250,12/30/2025,18:52:13
3033,155,1,100,12/30/2025,20:12:42
3034,146,1,260,12/30/2025,20:12:57
3035,595,2,270,12/30/2025,20:25:08
3036,42,1,45,12/30/2025,20:28:30
3037,69,1,100,12/30/2025,23:55:30
3038,179,1,260,12/31/2025,15:19:49
3039,419,1,190,12/31/2025,15:20:11
3040,596,1,120,12/31/2025,15:23:02
3041,160,1,30,12/31/2025,15:23:46
3042,206,1,120,12/31/2025,15:24:08
3043,428,3,70,12/31/2025,15:24:37
3044,500,1,25,12/31/2025,17:50:37
3045,597,1,1916,12/31/2025,17:51:12
3046,598,1,375,12/31/2025,17:52:29
3047,599,1,190,12/31/2025,17:53:16
3048,273,1,12,12/31/2025,17:54:05
3049,274,1,3,12/31/2025,17:54:23
3050,285,2,2,12/31/2025,17:54:48
3051,45,1,120,1/19/2026,13:39:08
3052,114,1,150,1/19/2026,13:39:49
3053,227,1,140,1/19/2026,13:40:35
3054,420,2,170,1/19/2026,13:40:51
3055,600,1,75,1/19/2026,13:41:14
3056,107,2,2.5,1/19/2026,13:42:53
3057,173,2,70,1/19/2026,13:43:18
3058,444,4,10,1/19/2026,20:14:29
3059,40,2,10,1/19/2026,20:14:57
3060,121,1,12,1/19/2026,20:15:12
3061,346,1,30,1/17/2026,12:15:00
3062,31,1,250,1/17/2026,13:16:00
3063,601,1,105,1/17/2026,13:16:57
3064,602,12,2,1/17/2026,13:18:00
3065,539,1,5,1/17/2026,13:19:00
3066,603,1,10,1/17/2026,13:20:00
3067,360,1,120,1/17/2026,13:22:00
3068,29,2,330,1/17/2026,20:24:00
3069,28,1,380,1/19/2026,21:52:52
3070,492,1,150,1/19/2026,21:53:47
3071,604,2,120,1/19/2026,21:54:24
3072,605,1,165,1/20/2026,12:35:02
3073,31,1,250,1/20/2026,12:36:00
3074,102,1,260,1/20/2026,12:36:21
3075,132,1,80,1/21/2026,21:21:44
3076,42,2,45,1/21/2026,21:22:00
3077,419,1,190,1/21/2026,21:25:19
3078,36,1,105,1/21/2026,21:26:00
3079,9,1,95,1/21/2026,21:28:38
3080,56,1,25,1/21/2026,21:28:59
3081,29,1,330,1/21/2026,21:29:16
3082,24,1,180,1/21/2026,21:29:29
3083,13,1,70,1/21/2026,21:29:50
3084,420,1,170,1/22/2026,13:26:23
3085,30,1,160,1/22/2026,13:27:08
3086,241,1,140,1/22/2026,13:27:56
3087,606,1,140,1/22/2026,13:28:24
3088,529,2,160,1/22/2026,13:30:11
3089,359,2,210,1/22/2026,13:30:54
3090,577,1,45,1/30/2026,12:11:23
3091,3,1,380,1/22/2026,21:13:00
3092,607,1,200,1/22/2026,21:14:00
3093,19,1,30,1/22/2026,21:16:00
3094,4,1,160,1/29/2026,12:18:30
3095,56,1,25,1/29/2026,12:20:10
3096,31,1,250,1/29/2026,20:17:00
3097,82,1,60,1/29/2026,21:17:00
3098,210,1,10,1/31/2026,20:41:52
3099,118,3,6,1/31/2026,20:42:07
3100,29,1,330,1/31/2026,20:42:32
3101,230,5,258,1/31/2026,20:42:45
3102,353,1,190,1/31/2026,20:43:49
3103,131,1,220,2/2/2026,20:23:46
3104,119,2,125,2/4/2026,21:25:10
3105,185,1,140,2/4/2026,21:26:08
3106,42,1,45,2/4/2026,21:27:09
3107,551,2,680,2/5/2026,13:25:47
3108,500,1,25,2/7/2026,14:14:46
3109,4,2,160,2/7/2026,14:15:46
3110,573,1,180,2/7/2026,14:16:01
3111,29,1,330,2/6/2026,21:16:00
3112,608,1,140,2/7/2026,18:57:00
3113,197,1,50,2/9/2026,18:58:00
3114,231,1,280,2/9/2026,18:58:19
3115,240,2,10,2/9/2026,18:58:47
3116,226,2,145,2/9/2026,18:59:16
3117,500,1,25,2/9/2026,18:59:37
3118,287,2,175,2/9/2026,18:59:55
3119,65,1,190,2/9/2026,23:12:30
3120,579,1,150,2/9/2026,23:12:51
3121,4,1,160,2/12/2026,22:00:28
3122,8,1,140,2/12/2026,22:00:51
3123,77,1,150,2/12/2026,22:01:31
3124,24,1,180,2/12/2026,22:01:47
3125,121,1,15,2/10/2026,22:02:10
3126,67,1,5,2/12/2026,22:03:00
3127,346,1,30,2/11/2026,22:03:37
3128,31,1,250,2/11/2026,22:04:02
3129,26,2,470,2/11/2026,22:04:23
3130,82,1,60,2/11/2026,22:05:04
3131,28,1,380,2/11/2026,22:05:24
3132,42,1,45,2/10/2026,22:06:04
3133,35,1,135,2/14/2026,13:54:36
3134,51,1,15,2/14/2026,13:54:52
3135,35,1,135,2/14/2026,13:55:06
3136,361,2,160,2/14/2026,13:55:27
3137,319,1,2,2/14/2026,13:55:52
3138,210,1,30,2/14/2026,13:56:36
3139,3,1,380,2/12/2026,22:30:00
3140,249,5,20,2/13/2026,13:58:32
3141,288,1,118,2/13/2026,13:59:00
3142,215,2,8,2/13/2026,13:59:35
3143,121,1,15,2/13/2026,13:59:59
3144,74,1,30,2/13/2026,14:00:57
3145,609,1,140,2/13/2026,14:01:22
3146,71,2,15,2/13/2026,14:03:42
3147,70,2,3,2/13/2026,14:04:29
3148,56,1,25,2/13/2026,14:04:48
3149,1,1,180,2/13/2026,14:05:55
3150,277,1,345,2/13/2026,14:06:25
3151,278,1,25,2/13/2026,14:06:48
3152,197,1,60,2/13/2026,14:07:10
3153,42,1,45,2/13/2026,14:07:28
3154,588,1,150,2/14/2026,14:12:36
3155,77,1,150,2/14/2026,22:18:21
3156,523,1,35,2/14/2026,22:19:00
3157,42,1,45,2/14/2026,22:19:28
3158,3,1,380,2/14/2026,22:19:46
3159,610,1,245,2/16/2026,11:14:00
3160,12,3,5,2/19/2026,21:03:51
3161,136,3,2,2/19/2026,21:04:25
3162,163,9,2,2/19/2026,21:04:49
3163,70,2,3,2/19/2026,21:05:20
3164,447,1,230,2/19/2026,21:05:35
3165,29,1,330,2/19/2026,21:05:57
3166,137,1,90,2/18/2026,21:06:31
3167,107,4,2.5,2/18/2026,21:06:58
3168,127,2,105,2/18/2026,21:07:32
3169,482,1,390,2/19/2026,22:15:40
3170,516,1,390,2/19/2026,22:16:01
3171,56,1,25,2/19/2026,22:16:21
3172,8,1,150,2/19/2026,22:17:06
3173,118,2,7.5,2/18/2026,22:17:41
3174,128,1,175,2/18/2026,22:18:15
3175,179,1,260,2/18/2026,22:18:49
3176,56,1,25,2/16/2026,22:19:31
3177,426,4,2.5,2/16/2026,22:20:23
3178,102,1,260,2/16/2026,22:20:54
3179,17,1,80,2/16/2026,22:21:15
3180,82,1,60,2/16/2026,22:21:49
3181,213,1,750,2/17/2026,22:22:24
3182,314,1,150,2/17/2026,22:23:11
3183,8,1,150,2/20/2026,19:57:44
3184,126,1,10,2/20/2026,19:57:56
3185,465,8,7,2/20/2026,19:58:39
3186,163,7,2,2/20/2026,19:59:19
3187,71,1,25,2/20/2026,20:09:02
3188,199,1,15,2/20/2026,20:17:59
3189,162,1,7,2/20/2026,20:18:34
3190,611,1,3,2/20/2026,20:18:52
3191,48,1,120,2/20/2026,20:19:30
3192,42,1,45,3/2/2026,20:03:23
3193,358,2,110,3/2/2026,20:16:27
3194,24,1,180,3/2/2026,20:16:45
3195,200,1,310,3/2/2026,20:24:55
3196,24,2,180,3/2/2026,20:25:11
3197,7,1,180,3/2/2026,20:25:27
3198,82,1,60,3/5/2026,16:31:11
3199,612,2,50,3/5/2026,16:31:47
3200,308,1,20,3/5/2026,16:33:08
3201,165,1,280,3/5/2026,16:33:47
3202,34,1,80,3/5/2026,16:34:06
3203,132,1,80,3/5/2026,16:35:12
3204,613,1,350,3/5/2026,16:35:43
3205,614,1,450,3/5/2026,16:36:57
3206,446,1,93,3/5/2026,16:37:44
3207,615,1,45,3/5/2026,16:38:23
3208,81,1,2,3/5/2026,16:41:06
3209,529,1,160,3/5/2026,23:31:15
3210,587,1,300,3/10/2026,22:29:33
3211,71,1,15,3/10/2026,22:30:20
3212,484,1,180,3/10/2026,22:30:35
3213,483,1,240,3/10/2026,22:30:49
3214,74,1,30,3/10/2026,22:31:28
3215,17,1,80,3/17/2026,20:03:44
3216,131,4,215,3/17/2026,20:04:10
3217,17,1,80,3/18/2026,20:04:54
3218,38,2,21,3/18/2026,20:05:22
3219,39,4,2,3/18/2026,20:05:45
3220,15,1,50,3/18/2026,20:06:16
3221,616,1,130,3/18/2026,20:07:22
3222,617,1,443,3/18/2026,20:10:18
3223,172,1,45,3/18/2026,20:11:07
3224,618,2,5,3/18/2026,20:11:36
3225,619,1,25,3/18/2026,20:12:15
3226,56,1,25,3/18/2026,20:12:55
3227,81,2,1,3/18/2026,20:13:22
3228,620,1,70,3/18/2026,20:13:44
3229,621,2,125,3/18/2026,23:46:28
3230,447,1,230,3/18/2026,23:47:17
3231,179,1,260,3/18/2026,23:47:32
3232,115,1,110,3/18/2026,23:48:04
3233,80,6,5,3/18/2026,23:48:40
3234,427,4,10,3/19/2026,21:16:35
3235,285,4,2,3/19/2026,21:17:04
3236,465,1,6,3/19/2026,21:17:38
3237,164,1,2,3/19/2026,21:18:04
3238,56,1,25,3/19/2026,21:18:18
3239,15,1,55,3/19/2026,21:30:45
3240,6,1,100,3/19/2026,21:31:16
3241,409,4,280,3/19/2026,21:31:36
3242,13,1,70,3/18/2026,23:49:00
3243,323,1,60,3/20/2026,22:52:49
3244,327,5,10,3/20/2026,22:53:05
3245,81,5,2,3/20/2026,22:53:54
3246,286,1,190,3/20/2026,22:54:45
3247,244,1,260,3/20/2026,22:55:25
3248,17,1,80,3/21/2026,22:35:12
3249,157,2,15,3/21/2026,22:35:44
3250,18,2,3,3/21/2026,22:36:02
3251,179,1,260,3/21/2026,22:36:25
3252,157,10,15,3/21/2026,22:36:45
3253,158,10,5,3/21/2026,22:37:18
3254,104,2,150,3/21/2026,22:37:48
3255,4,3,160,3/21/2026,22:38:10
3256,34,1,80,3/21/2026,22:38:35
3257,90,1,80,3/21/2026,22:38:52
3258,89,1,90,3/21/2026,22:39:00
3259,200,9,310,3/23/2026,20:37:23
3260,240,2,8,3/23/2026,20:37:49
3261,274,1,4,3/23/2026,20:38:16
3262,470,1,25,3/23/2026,20:48:32
3263,622,1,5,3/23/2026,20:49:50
3264,89,1,90,3/23/2026,20:52:44
3265,77,1,150,3/23/2026,23:59:31
3266,77,1,150,3/23/2026,23:59:45
3267,337,1,30,3/24/2026,23:21:44
3268,35,1,135,3/24/2026,23:22:16
3269,260,1,160,3/24/2026,23:22:34
3270,115,1,90,3/24/2026,23:22:59
3271,623,1,240,3/24/2026,23:23:36
3272,152,1,25,3/24/2026,23:24:35
3273,559,1,80,3/24/2026,23:25:44
3274,89,1,90,3/24/2026,23:26:00
3275,286,1,200,3/29/2026,16:53:21
3276,227,2,145,3/28/2026,16:54:09
3277,121,1,12,3/28/2026,16:54:43
3278,185,1,140,3/28/2026,16:55:47
3279,131,1,210,3/27/2026,16:56:28
3280,314,2,140,3/27/2026,16:57:09
3281,42,2,45,3/31/2026,12:47:45
3282,608,1,140,3/31/2026,12:50:52
3283,226,1,150,3/31/2026,20:38:10
3284,179,1,260,4/1/2026,15:26:29
3285,240,1,12,4/1/2026,15:28:05
3286,63,1,140,4/1/2026,15:28:22
3287,17,2,80,4/7/2026,18:35:08
3288,369,1,460,4/10/2026,13:16:00
3289,520,1,480,4/7/2026,18:36:14
3290,388,1,50,4/7/2026,18:37:19
3291,154,1,40,4/7/2026,18:37:56
3292,522,2,330,4/7/2026,18:39:46
3293,4,1,160,4/7/2026,18:40:44
3294,413,2,75,4/10/2026,13:12:00
3295,414,2,65,4/10/2026,13:14:00
3296,107,4,2.5,4/10/2026,13:16:00
3297,42,1,45,4/10/2026,13:17:00
3298,13,1,70,4/10/2026,13:18:00
3299,624,1,140,4/10/2026,13:19:00
3300,369,1,480,4/1/2026,13:22:00
3301,617,1,440,4/1/2026,13:23:00
3302,625,1,330,4/1/2026,13:25:00
3303,615,1,45,4/1/2026,13:25:00
3304,15,1,50,4/1/2026,13:26:00
3305,371,1,45,4/1/2026,13:26:00
3306,197,1,60,4/1/2026,13:29:00
3307,626,8,325,4/1/2026,13:29:00
3308,628,1,1300,4/1/2026,13:32:00
3309,85,2,5,4/1/2026,13:34:00
3310,629,1,350,4/1/2026,13:34:00
3311,630,2,20,4/1/2026,13:35:00
3312,631,2,10,4/1/2026,13:36:00
3313,81,5,2,4/1/2026,13:37:00
3314,42,1,45,4/17/2026,16:59:43
3315,65,2,195,4/17/2026,17:00:00
3316,42,1,45,4/17/2026,17:00:22
3317,45,2,125,4/17/2026,17:01:01
3318,15,1,50,4/17/2026,17:01:23
3319,227,1,140,4/17/2026,17:01:40
3320,132,1,80,4/17/2026,21:16:00
3321,577,1,45,4/17/2026,22:16:00
3322,17,1,80,4/21/2026,23:44:37
3323,639,1,20,4/21/2026,23:44:50
3324,42,1,45,4/21/2026,23:45:30
3325,607,1,200,4/21/2026,23:45:43
3326,640,1,110,4/22/2026,15:30:38
3327,77,1,150,4/22/2026,15:31:29
3328,4,1,180,4/22/2026,15:31:42
3329,212,1,90,4/22/2026,15:31:56
3330,89,1,100,4/22/2026,15:32:15
3331,487,2,290,4/22/2026,15:32:35
3332,488,2,340,4/22/2026,15:32:54
3333,489,2,350,4/22/2026,15:33:11
3334,235,2,40,4/22/2026,15:33:25
3335,126,2,10,4/22/2026,15:33:43
3336,203,1,280,4/22/2026,20:39:13
3337,17,1,80,4/22/2026,20:39:34
3338,134,1,150,4/22/2026,20:39:48
3339,15,1,50,4/22/2026,21:51:50
3340,641,2,20,4/22/2026,23:48:44
3341,3,1,390,4/22/2026,23:49:33
3342,42,1,45,4/23/2026,23:08:11
3343,525,1,280,4/23/2026,23:08:27
3344,29,1,350,4/23/2026,23:08:48
3345,279,2,150,4/25/2026,15:42:56
3346,240,6,8,4/25/2026,15:43:15
3347,274,6,3.67,4/25/2026,15:43:54
3348,523,1,35,4/25/2026,15:44:39
3349,307,1,75,4/25/2026,15:45:07
3350,56,1,25,4/25/2026,15:45:26
3351,642,1,15,4/25/2026,15:45:41
3352,42,1,45,4/24/2026,15:47:24
3353,573,1,200,4/25/2026,23:27:14
3354,643,2,25,4/25/2026,23:27:41
3355,484,1,190,4/25/2026,23:29:05
3356,644,1,260,4/26/2026,23:26:40
3357,4,1,175,4/26/2026,23:27:28
3358,199,1,15,4/30/2026,16:10:08
3359,539,2,5,4/30/2026,16:10:41
3360,484,2,185,4/30/2026,16:12:05
3361,4,3,175,4/30/2026,16:12:50
3362,31,1,260,5/1/2026,19:20:11
3363,31,1,250,5/1/2026,19:20:36
3364,13,2,75,5/2/2026,19:20:56
3365,414,2,70,5/2/2026,19:21:20
3366,107,8,2.5,5/2/2026,19:22:38
3367,81,1,3,5/2/2026,19:23:53
3368,645,1,585,5/2/2026,19:24:08
3369,646,1,1090,5/2/2026,19:25:31
3370,647,1,200,5/2/2026,19:27:40
3371,223,1,870,5/2/2026,19:29:03
,,,,,
3373,197,1,60,5/2/2026,19:30:54
3374,4,1,175,5/2/2026,19:31:12
3375,56,1,25,5/2/2026,23:48:13
3376,31,1,260,5/2/2026,23:48:26
3377,42,1,45,5/2/2026,23:49:34
3378,24,1,180,5/2/2026,23:53:00
3379,126,1,10,5/3/2026,22:30:23
3380,42,1,45,5/3/2026,22:30:38
3381,545,2,4,5/7/2026,20:26:11
3382,179,1,280,5/7/2026,20:26:43
3383,46,1,65,5/5/2026,20:27:03
3384,71,2,25,5/5/2026,20:28:35
3385,165,1,290,5/5/2026,20:29:09
3386,15,1,55,5/5/2026,20:29:49
3387,377,12,7,5/5/2026,20:30:12
3388,82,1,70,5/5/2026,20:30:53
3389,13,1,75,5/5/2026,20:31:16
3390,197,1,60,5/11/2026,14:16:57
3391,314,1,160,5/11/2026,14:17:29
3392,491,1,60,5/11/2026,14:18:09
3393,318,6,15,5/11/2026,14:18:28
3394,9,1,105,5/11/2026,16:01:51
3395,103,2,270,5/9/2026,20:55:25
3396,415,1,270,5/9/2026,20:56:18
3397,4,1,175,5/9/2026,20:56:42
3398,648,2,250,5/9/2026,20:57:06
3399,67,1,5,5/8/2026,20:59:34
3400,17,1,80,5/8/2026,21:00:00
3401,649,1,225,5/8/2026,21:00:37
3402,650,1,640,5/8/2026,21:03:19
3403,56,1,25,5/8/2026,21:04:53
3404,24,1,180,5/11/2026,21:05:00
3405,346,1,30,5/12/2026,17:50:41
3406,260,1,150,5/12/2026,17:51:03
3407,321,1,10,5/12/2026,17:51:47
3408,651,2,400,5/12/2026,17:52:24
3409,6,2,110,5/12/2026,23:55:17
3410,82,1,70,5/12/2026,23:55:35
3411,31,1,260,5/12/2026,23:55:59
3412,126,1,10,5/12/2026,23:56:14
3413,427,1,11,5/12/2026,23:56:29
3414,274,1,4,5/12/2026,23:56:56
3415,240,4,7,5/13/2026,23:47:05
3416,275,4,1.5,5/13/2026,23:47:38
3417,285,4,1.5,5/13/2026,23:48:29
3418,180,1,130,5/13/2026,23:48:49
3419,516,1,380,5/13/2026,23:49:05
3420,42,1,45,5/13/2026,23:49:31
3421,369,1,460,5/13/2026,23:49:45
3422,77,1,150,5/13/2026,23:50:02
3423,67,1,5,5/13/2026,23:50:17
3424,68,1,10,5/12/2026,23:50:30
3425,652,1,160,5/15/2026,20:22:36
3426,31,1,260,5/15/2026,20:23:28
3427,453,1,10,5/14/2026,20:23:50
3428,173,2,70,5/14/2026,20:24:28
3429,34,1,80,5/14/2026,20:25:04
3430,29,1,360,5/14/2026,20:25:41
3431,29,1,360,5/14/2026,20:26:17
3432,13,1,80,5/14/2026,20:26:40
3433,29,1,360,5/14/2026,20:26:58
3434,173,1,70,5/8/2026,21:05:00
3435,79,1,50,5/8/2026,21:06:00
3436,328,6,10,5/8/2026,21:07:00
3437,288,1,120,5/8/2026,21:13:00
,,,,,
3439,197,12,60,5/8/2026,21:35:00
3440,94,1,14,5/16/2026,15:06:06
3441,254,5,10,5/16/2026,15:06:23
3442,29,1,360,5/16/2026,15:06:49
3443,249,2,20,5/16/2026,15:07:06
3444,79,1,50,5/16/2026,15:07:47
3445,288,1,120,5/16/2026,15:07:59
3446,653,1,110,5/16/2026,15:08:20
3447,188,1,140,5/16/2026,15:09:20
3448,644,1,250,5/16/2026,15:09:47
3449,606,1,160,5/16/2026,15:10:04
3450,77,1,150,5/16/2026,17:51:17
3451,3,1,400,5/16/2026,18:29:00
3452,51,3,10,5/16/2026,18:30:00
3453,82,1,70,5/16/2026,19:30:00
3454,12,2,5,5/16/2026,19:31:00
3455,102,1,270,5/16/2026,20:31:00
3456,179,1,280,5/16/2026,21:32:00
3457,529,1,160,5/16/2026,21:32:00
3458,483,1,240,5/16/2026,22:33:00
3459,654,5,5,5/16/2026,22:35:00
3460,24,1,180,5/17/2026,21:37:00
3461,514,1,14,5/17/2026,22:38:00
3462,274,1,4,5/17/2026,22:38:04
3463,275,1,2,5/17/2026,22:39:00
3464,24,1,180,5/18/2026,20:39:00
3465,69,1,120,5/18/2026,21:40:00
3466,3,1,400,5/18/2026,21:41:00
3467,655,1,270,5/18/2026,22:41:00
3468,415,1,270,5/18/2026,22:42:00
3469,4,1,175,5/19/2026,23:47:27
3470,160,1,30,5/19/2026,23:47:42
3471,19,1,35,5/19/2026,23:48:01
3472,24,1,180,5/19/2026,23:48:14
3473,656,1,70,5/19/2026,23:48:32
3474,42,1,45,5/19/2026,23:49:40
3475,31,1,260,5/24/2026,23:02:40
3476,341,1,180,5/24/2026,23:03:00
3477,1,1,200,5/24/2026,23:03:30
3478,185,1,150,5/24/2026,23:04:35
3479,42,1,45,5/24/2026,23:05:00
3480,24,1,180,5/24/2026,23:05:33
3481,652,1,160,5/23/2026,23:17:25
3482,82,1,70,5/23/2026,23:18:07
3483,3,1,400,5/23/2026,23:18:26
3484,4,1,175,5/23/2026,23:19:06
3485,82,2,70,5/23/2026,23:19:24
3486,13,2,80,5/23/2026,23:19:40
3487,200,10,310,5/20/2026,23:20:17
3488,42,1,45,5/20/2026,23:20:53
3489,657,1,190,5/26/2026,16:54:46
3490,24,1,180,5/26/2026,16:56:00
3491,36,1,110,5/26/2026,16:56:35
3492,166,2,170,5/25/2026,16:57:45
3493,220,1,440,5/25/2026,16:58:24
3494,433,2,8,5/27/2026,16:59:43
3495,276,4,2,5/27/2026,17:00:23
3496,422,1,401,5/27/2026,17:00:55
3497,172,1,45,5/27/2026,17:01:28
3498,81,2,2,5/27/2026,17:01:57
3499,491,1,60,5/27/2026,17:02:21
3500,637,2,15,5/27/2026,17:02:39
3501,77,1,150,5/27/2026,17:03:05
3502,173,2,65,5/27/2026,17:03:30
3503,3,1,330,5/21/2026,17:04:41
3504,114,1,140,5/28/2026,12:14:00
3505,280,1,175,5/28/2026,12:15:00
3506,29,1,360,5/28/2026,13:15:00
3507,594,1,520,5/28/2026,14:16:00
3508,42,1,45,5/28/2026,21:17:00
3509,24,1,180,5/28/2026,22:18:00
3510,31,1,260,5/27/2026,22:18:00
3511,17,1,80,5/27/2026,21:18:00
3512,3,1,400,5/27/2026,22:19:00
3513,111,1,50,5/27/2026,22:19:00
3514,273,2,19,5/27/2026,22:20:00
3515,275,2,2,5/27/2026,22:21:00
3516,274,2,4,5/27/2026,22:21:00
3517,134,1,150,5/26/2026,20:54:54
3518,42,1,45,5/30/2026,22:07:20
3519,286,1,190,5/30/2026,22:07:37
3520,179,1,280,5/31/2026,22:11:37
3521,483,1,240,5/31/2026,22:12:43
3522,42,1,45,6/1/2026,23:45:13
3523,42,1,45,6/1/2026,23:45:30
3524,477,1,115,6/1/2026,23:45:41
3525,202,1,115,6/1/2026,23:46:00
3526,31,1,260,6/1/2026,23:48:57
3527,4,1,175,6/1/2026,23:49:11
3528,42,1,45,6/1/2026,21:11:49
3529,42,1,45,6/2/2026,21:12:12
3530,17,1,80,6/2/2026,21:12:26
3531,339,1,170,6/2/2026,21:12:40
3532,42,1,45,6/2/2026,23:48:24
3533,337,1,30,6/3/2026,23:48:44
3534,77,1,150,6/3/2026,23:49:06
3535,82,1,70,6/3/2026,23:49:19
3536,42,1,45,6/3/2026,23:49:32
3537,655,1,270,6/3/2026,23:49:46
3538,42,1,45,6/3/2026,23:50:03
3539,260,1,160,6/3/2026,20:22:29
3540,15,1,55,6/4/2026,20:23:12
3541,77,1,150,6/4/2026,20:23:31
3542,302,1,20,6/4/2026,20:23:51
3543,179,1,280,6/4/2026,23:36:46
3544,15,1,52,6/5/2026,23:27:29
3545,414,2,75,6/5/2026,23:27:59
3546,413,2,75,6/5/2026,23:28:34
3547,107,4,2.5,6/5/2026,23:28:57
3548,126,6,10,6/5/2026,23:29:21
3549,42,1,45,6/5/2026,23:29:39
3550,395,1,120,6/5/2026,23:29:52
3551,42,1,45,6/5/2026,23:30:17
3552,42,1,45,6/5/2026,23:30:49
3553,9,1,100,6/5/2026,23:31:29
3554,42,1,45,6/5/2026,23:32:41
3555,82,1,70,6/5/2026,23:32:53
3556,24,1,180,6/12/2026,16:49:33
3557,179,2,280,6/12/2026,16:50:00
3558,319,1,3,6/12/2026,16:50:59
3559,77,1,150,6/12/2026,16:51:22
3560,405,1,15,6/11/2026,16:51:54
3561,6,1,100,6/11/2026,16:52:30
3562,179,1,280,6/11/2026,16:52:51
3563,656,1,60,6/11/2026,16:53:23
3564,29,1,360,6/11/2026,16:54:34
3565,6,1,100,6/10/2026,16:54:57
3566,134,1,150,6/10/2026,16:55:27
3567,77,2,150,6/10/2026,16:56:01
3568,93,1,500,6/10/2026,16:56:44
3569,220,1,430,6/10/2026,16:57:16
3570,173,1,70,6/12/2026,22:52:34
3571,656,1,70,6/12/2026,22:52:46
3572,56,1,28,6/12/2026,22:53:09
3573,17,1,80,6/12/2026,22:54:20
3574,6,1,100,6/12/2026,23:04:00
3575,77,1,150,6/12/2026,23:05:00
3576,70,5,3,6/13/2026,21:32:59
3577,17,1,80,6/13/2026,21:33:15
3578,89,1,100,6/13/2026,21:33:53
3579,179,1,280,6/13/2026,21:34:07
3580,3,1,400,6/13/2026,21:34:20
3581,82,1,70,6/15/2026,17:44:00
3582,34,1,70,6/15/2026,17:44:47
3583,42,1,45,6/15/2026,17:45:30
3584,658,1,170,6/15/2026,17:45:45
3585,102,1,270,6/15/2026,17:48:15
3586,77,1,150,6/15/2026,17:48:33
3587,147,1,45,6/15/2026,17:48:49
3588,77,1,150,6/15/2026,17:49:48
3589,147,1,75,6/15/2026,21:28:00
3590,74,1,35,6/15/2026,21:28:00
3591,42,1,45,6/14/2026,21:29:00
3592,26,1,480,6/14/2026,22:29:00
3593,56,1,28,6/16/2026,12:03:00
3594,13,1,80,6/16/2026,14:04:00
3595,436,1,375,6/16/2026,16:04:00
3596,56,1,28,6/16/2026,20:06:00
3597,92,1,430,6/16/2026,21:06:00
3598,269,1,30,6/16/2026,20:08:00
3599,3,1,450,6/16/2026,22:07:00
3600,3,1,450,6/17/2026,21:17:57
3601,267,1,40,6/17/2026,21:18:16
3602,67,2,5,6/17/2026,21:19:18
3603,71,2,15,6/18/2026,23:51:24
3604,659,2,10,6/18/2026,23:51:38
3605,89,1,100,6/18/2026,23:52:27
3606,314,1,160,6/18/2026,23:52:43
3607,660,1,160,6/18/2026,23:53:03
3608,34,1,80,6/18/2026,23:54:36
3609,368,1,12,6/18/2026,23:54:56
3610,3,1,450,6/17/2026,23:55:21
3611,82,1,70,6/17/2026,23:55:52
3612,147,1,50,6/17/2026,23:56:09
3613,82,1,75,6/17/2026,23:56:36
3614,82,1,80,6/19/2026,23:46:50
3615,1,1,180,6/19/2026,23:47:02
3616,661,1,428,6/21/2026,23:15:32
3617,661,1,460,6/21/2026,23:16:21
3618,42,1,45,6/21/2026,23:16:41
3619,235,1,40,6/20/2026,23:24:33
3620,397,1,150,6/20/2026,23:24:51
3621,69,1,120,6/20/2026,23:25:19
3622,35,1,140,6/20/2026,23:25:37
3623,42,1,45,6/20/2026,23:26:11
3624,384,1,40,6/20/2026,23:27:32
3625,229,1,380,6/22/2026,15:12:25
3626,48,1,120,6/22/2026,15:13:17
3627,29,1,360,6/22/2026,15:13:35
3628,89,1,100,6/22/2026,15:13:52
3629,384,1,40,6/22/2026,15:15:56
3630,42,2,45,6/23/2026,15:16:24
3631,124,1,140,6/23/2026,15:16:50
3632,42,1,45,6/23/2026,15:17:07
3633,208,1,150,6/23/2026,15:17:33
3634,427,1,10,6/23/2026,15:17:49
3635,156,1,350,6/23/2026,15:18:22
3636,13,1,80,6/23/2026,15:19:03
3637,235,1,40,6/23/2026,15:19:47
3638,3,1,450,6/23/2026,20:59:00
3639,82,1,75,6/23/2026,22:01:00
3640,179,1,280,6/23/2026,22:04:00
3641,42,1,45,6/25/2026,23:15:10
3642,656,1,70,6/25/2026,23:15:25
3643,221,1,40,6/25/2026,12:06:00
3644,126,1,10,6/25/2026,12:07:00
3645,662,1,45,6/25/2026,12:09:00
3646,107,5,3,6/25/2026,12:11:00
3647,100,1,270,6/25/2026,14:11:00
3648,42,1,45,6/25/2026,21:12:00
3649,82,1,75,6/25/2026,14:13:00
3650,12,2,5,6/25/2026,14:13:00
3651,160,1,30,6/25/2026,23:18:00
3652,4,2,185,6/25/2026,23:27:00
3653,185,1,150,6/24/2026,12:15:00
3654,201,1,870,6/24/2026,14:17:00
3655,13,2,80,6/24/2026,20:18:00
3656,179,1,280,6/24/2026,20:18:00
3657,17,1,80,6/24/2026,19:19:00
3658,663,1,60,6/24/2026,13:21:00
3659,432,1,15,6/24/2026,13:23:00
3660,664,1,5,6/24/2026,14:24:00
3661,9,1,105,6/26/2026,14:50:46
3662,253,2,130,6/26/2026,14:51:02
3663,665,2,221,6/26/2026,14:51:30
3664,274,1,4,6/26/2026,14:54:02
3665,275,2,2,6/26/2026,14:54:30
3666,383,2,22,6/26/2026,14:54:44
3667,158,2,5,6/26/2026,14:55:10
3668,103,1,270,6/26/2026,14:55:30
3669,4,1,180,6/26/2026,14:55:48
3670,314,1,270,6/26/2026,23:27:43
3671,439,1,10,6/27/2026,22:18:57
3672,11,1,150,6/27/2026,22:19:24
3673,180,1,130,6/27/2026,22:19:48
3674,31,1,260,6/27/2026,22:20:03
3675,67,1,5,6/27/2026,22:20:22
3676,30,1,185,6/27/2026,22:25:33
3677,82,1,75,6/27/2026,22:25:48
3678,15,1,55,6/28/2026,23:45:46
3679,213,1,820,6/28/2026,23:46:02
3680,192,1,1040,6/28/2026,23:46:17
3681,133,1,1300,6/28/2026,23:46:35
3682,218,1,250,6/29/2026,15:06:13
3683,241,1,150,6/29/2026,15:06:33
3684,161,15,10,6/29/2026,15:06:48
3685,39,30,2,6/29/2026,15:07:11
3686,414,2,65,6/29/2026,15:07:43
3687,413,2,75,6/29/2026,15:08:13
3688,107,4,2.5,6/29/2026,15:08:39
3689,4,1,180,6/29/2026,15:08:53
3690,389,1,75,6/29/2026,15:09:07
3691,652,1,160,6/29/2026,15:09:22
3692,15,1,55,6/29/2026,15:09:39
3693,42,1,45,6/29/2026,15:29:16
3694,119,1,140,6/30/2026,23:45:25
3695,69,1,120,6/30/2026,23:45:38
3696,29,1,360,6/30/2026,23:45:51
3697,3,1,450,6/30/2026,23:46:04
3698,24,1,190,7/1/2026,15:00:36
3699,89,1,100,7/1/2026,15:00:56
3700,132,1,80,7/1/2026,15:01:09
3701,587,1,300,7/1/2026,15:01:34
3702,4,1,185,7/1/2026,15:28:59
3703,253,1,120,7/1/2026,15:29:18
3704,159,4,15,7/1/2026,23:37:04
3705,275,4,2,7/1/2026,23:37:50
3706,67,1,5,7/1/2026,23:38:13
3707,516,1,380,7/1/2026,23:38:41
3708,56,1,25,7/1/2026,23:39:15
3709,35,1,140,7/1/2026,23:39:30
3710,666,2,15,7/1/2026,23:39:55
3711,94,1,14,7/1/2026,23:40:33
3712,179,1,280,7/1/2026,23:40:50
3713,77,1,150,7/1/2026,23:41:05
3714,17,1,80,7/1/2026,23:41:20
3715,19,1,35,7/1/2026,23:41:38
3716,667,1,150,7/1/2026,23:41:48
3717,24,1,180,7/1/2026,23:42:45
3718,41,2,35,7/1/2026,23:45:13
3719,79,1,50,7/1/2026,23:46:00
3720,3,1,450,7/1/2026,23:55:00
3721,668,1,500,7/2/2026,15:41:49
3722,136,2,2.5,7/2/2026,15:43:12
3723,17,1,80,7/2/2026,15:43:38
3724,15,1,55,7/2/2026,15:44:16
3725,212,1,100,7/2/2026,15:44:58
3726,51,1,10,7/2/2026,23:55:26
3727,42,1,45,7/2/2026,23:55:41
3728,13,1,80,7/2/2026,23:55:53
3729,53,1,140,7/3/2026,23:36:06
3730,13,1,80,7/3/2026,23:36:23
3731,89,1,100,7/3/2026,23:36:37
3732,67,1,5,7/3/2026,23:36:50
3733,606,1,160,7/3/2026,23:37:04
3734,8,1,160,7/3/2026,23:37:59
3735,262,2,290,7/3/2026,23:38:13
3736,169,1,290,7/3/2026,23:38:31
3737,77,1,150,7/3/2026,23:38:46
3738,29,1,360,7/3/2026,23:38:58
3739,144,1,80,7/4/2026,15:15:55
3740,48,1,120,7/4/2026,15:16:15
3741,542,1,150,7/4/2026,15:16:44
3742,134,1,150,7/4/2026,15:17:23
3743,79,1,50,7/4/2026,15:17:46
3744,56,1,28,7/6/2026,22:53:32
3745,94,1,15,7/6/2026,22:53:52
3746,102,1,270,7/6/2026,22:54:12
3747,41,4,35,7/6/2026,22:54:25
3748,3,1,450,7/6/2026,22:54:42
3749,179,2,280,7/7/2026,20:43:59
3750,24,1,190,7/7/2026,20:44:18
3751,24,1,190,7/7/2026,20:44:38
3752,669,1,1860,7/8/2026,20:44:58
3753,670,1,190,7/8/2026,20:45:47
3754,218,1,250,7/8/2026,20:47:13
3755,637,2,20,7/8/2026,20:47:36
3756,602,2,2,7/8/2026,20:47:56
3757,89,1,100,7/8/2026,20:48:15
3758,484,1,190,7/8/2026,20:48:29
3759,29,1,360,7/8/2026,21:08:00
3760,656,1,70,7/8/2026,21:11:00
3761,13,1,80,7/8/2026,22:09:00
3762,4,1,185,7/8/2026,22:14:00
3763,134,1,150,7/9/2026,17:29:03
3764,31,1,260,7/9/2026,17:29:33
3765,111,1,50,7/9/2026,17:29:47
3766,126,2,10,7/9/2026,17:30:02
3767,47,3,225,7/9/2026,17:30:19
3768,427,4,13,7/9/2026,17:31:42
3769,274,4,4,7/9/2026,17:33:19
3770,275,4,2,7/9/2026,17:33:43
3771,72,1,25,7/9/2026,17:35:07
3772,24,1,190,7/9/2026,23:33:46
3773,31,1,260,7/9/2026,23:33:59
3774,145,1,260,7/10/2026,15:47:38
3775,42,1,45,7/10/2026,15:47:54
3776,7,1,185,7/10/2026,15:48:09
3777,147,1,45,7/10/2026,15:48:29
3778,671,1,175,7/10/2026,15:49:27
3779,26,1,480,7/10/2026,22:54:46
3780,3,1,450,7/10/2026,23:33:35
3781,31,1,260,7/10/2026,23:33:51
3782,4,1,185,7/11/2026,15:08:20
3783,262,2,277,7/11/2026,15:08:42
3784,169,1,278,7/11/2026,15:09:25
3785,56,1,28,7/11/2026,15:09:42
3786,161,10,10,7/11/2026,15:11:19
3787,39,20,2,7/11/2026,15:12:20
3788,165,1,300,7/11/2026,15:12:40
3789,69,1,120,7/11/2026,22:08:08
3790,144,1,80,7/11/2026,22:08:23
3791,56,1,28,7/11/2026,22:08:36
3792,308,1,18,7/11/2026,22:08:50
3793,4,2,185,7/12/2026,23:51:27
3794,31,1,260,7/12/2026,23:51:45
3795,82,1,75,7/12/2026,23:52:00
3796,180,1,130,7/12/2026,23:52:12
3797,31,1,260,7/12/2026,23:52:28
3798,179,1,280,7/13/2026,18:12:23
3799,34,1,80,7/13/2026,18:12:40
3800,77,1,150,7/13/2026,18:12:56
3801,672,1,60,7/13/2026,18:13:18
3802,82,1,75,7/13/2026,18:14:51
3803,477,1,130,7/13/2026,20:37:49
3804,82,1,70,7/13/2026,20:38:08
3805,13,1,80,7/13/2026,23:25:31
3806,656,1,70,7/13/2026,23:25:48
3807,221,1,40,7/13/2026,23:26:04
3808,244,1,290,7/13/2026,23:27:00
3809,652,1,160,7/12/2026,23:55:00
3810,272,4,2,7/11/2026,20:28:00
3811,31,1,260,7/13/2026,23:53:00
3812,656,1,70,7/14/2026,22:58:43
3813,42,1,45,7/14/2026,22:59:12
3814,89,1,100,7/14/2026,22:12:00
3815,4,1,185,7/14/2026,22:13:00
3816,56,1,28,7/14/2026,22:13:00
3817,206,1,120,7/14/2026,22:14:00
3818,34,1,80,7/14/2026,22:15:00
3819,210,1,10,7/14/2026,22:15:00
3820,13,1,80,7/14/2026,23:15:00
3821,69,1,120,7/14/2026,23:16:00
3822,29,1,360,7/14/2026,23:16:00
3823,67,1,5,7/14/2026,23:17:00
3824,15,1,50,7/15/2026,19:32:44
3825,94,2,15,7/15/2026,19:33:01
3826,132,2,80,7/15/2026,19:33:57
3827,340,1,520,7/15/2026,20:04:00
3828,50,1,230,7/15/2026,21:06:00
3829,68,1,10,7/15/2026,22:06:00
3830,67,1,5,7/15/2026,22:07:00
3831,42,1,45,7/16/2026,20:43:57
3832,48,1,120,7/16/2026,20:44:18
3833,56,1,28,7/16/2026,20:44:32
3834,29,1,360,7/16/2026,20:44:49
3835,249,5,20,7/16/2026,20:45:35
3836,8,1,158,7/16/2026,20:45:54
3837,81,1,2,7/16/2026,20:46:12
3838,29,1,360,7/16/2026,23:51:47
3839,126,1,10,7/16/2026,23:54:00
3840,67,1,5,7/17/2026,22:41:13
3841,672,1,60,7/17/2026,22:41:24
3842,576,1,55,7/17/2026,22:42:17
3843,82,1,75,7/17/2026,22:42:33
3844,29,1,360,7/17/2026,23:22:00
3845,3,1,450,7/17/2026,23:23:00
3846,42,1,45,7/18/2026,23:11:28
3847,31,1,260,7/18/2026,23:11:42
3848,42,1,45,7/18/2026,23:12:27
3849,3,1,450,7/18/2026,23:12:40
3850,673,1,180,7/18/2026,23:13:05
3851,34,1,80,7/19/2026,23:47:00
3852,4,1,185,7/19/2026,23:47:18
3853,492,1,160,7/21/2026,16:32:12
3854,534,1,3,7/21/2026,16:32:25
3855,179,1,280,7/21/2026,16:32:42
3856,4,1,185,7/21/2026,16:33:26
3857,77,1,150,7/21/2026,23:50:53
3858,67,1,5,7/21/2026,23:51:06
3859,3,1,450,7/21/2026,23:51:19
3860,17,1,80,7/22/2026,13:31:00
3861,42,1,45,7/22/2026,13:32:00
3862,12,1,5,7/22/2026,14:33:00
3863,434,1,70,7/22/2026,14:33:00
3864,353,1,210,7/22/2026,15:34:00
3865,500,1,25,7/22/2026,15:35:00
3866,8,1,160,7/22/2026,19:35:00
3867,42,2,45,7/22/2026,20:35:00
3868,42,1,45,7/23/2026,17:27:00
3869,68,1,10,7/23/2026,17:27:19
3870,262,2,290,7/23/2026,17:27:40
3871,200,2,340,7/23/2026,17:28:08
3872,34,1,80,7/23/2026,17:28:26
3873,13,1,80,7/23/2026,17:28:51
3874,368,2,15,7/23/2026,17:29:02
3875,82,1,75,7/23/2026,23:04:21
3876,31,1,260,7/23/2026,23:04:35
3877,34,1,80,7/23/2026,23:04:47
3878,144,1,85,7/23/2026,17:27:21
3879,56,1,28,7/23/2026,17:27:35
3880,264,1,60,7/24/2026,23:31:42
3881,19,1,35,7/24/2026,23:32:12
3882,31,1,260,7/24/2026,23:32:58
3883,82,1,75,7/24/2026,23:33:19
3884,31,1,260,7/24/2026,23:33:32
3885,42,1,45,7/24/2026,23:33:45
3886,51,1,10,7/25/2026,19:43:00
3887,126,1,10,7/25/2026,19:43:02
3888,121,1,15,7/25/2026,20:44:00
3889,42,1,45,7/25/2026,21:44:00
3890,468,1,150,7/25/2026,22:44:00
3891,652,1,160,7/25/2026,22:45:00
3892,42,1,45,7/27/2026,13:21:00
3893,67,1,5,7/27/2026,14:21:00
3894,4,2,185,7/27/2026,15:21:00
3895,674,1,70,7/27/2026,15:22:00
3896,13,1,80,7/27/2026,20:24:00
3897,3,1,450,7/27/2026,21:24:00
3898,453,1,15,7/27/2026,21:25:00
3899,144,1,85,7/27/2026,22:25:00
3900,77,1,150,7/27/2026,23:25:00
3901,216,1,800,7/29/2026,23:49:01
3902,82,1,75,7/29/2026,23:49:23
3903,13,1,80,7/29/2026,23:49:51
3904,67,2,5,7/29/2026,23:50:19
3905,245,1,120,7/30/2026,18:37:27
3906,675,1,175,7/30/2026,18:37:39
3907,154,2,55,7/30/2026,18:38:44
3908,406,1,200,7/30/2026,18:39:07
3909,580,1,40,7/28/2026,18:39:48
3910,132,2,75,7/28/2026,18:40:16
3911,641,2,15,7/28/2026,18:40:35
3912,397,1,150,7/28/2026,18:41:01
3913,77,1,150,7/28/2026,18:41:23
3914,4,1,185,7/28/2026,18:42:04
,,,,,
3916,42,1,45,7/28/2026,18:42:59
3917,42,1,45,7/31/2026,16:41:31
3918,89,1,100,7/31/2026,16:41:51
3919,180,1,140,7/31/2026,16:42:29
3920,90,1,100,7/31/2026,16:42:43
3921,531,1,115,7/31/2026,16:43:02
3922,35,1,140,7/31/2026,16:43:31
3923,595,1,250,7/31/2026,23:52:18
3924,17,1,80,7/31/2026,23:52:36
3925,94,1,14,7/31/2026,23:52:50
3926,29,1,360,7/31/2026,23:53:04
3927,502,1,10,7/31/2026,23:53:17
3928,24,1,180,8/1/2026,12:32:00
3929,310,1,450,8/1/2026,12:33:00
3930,15,1,50,8/1/2026,12:35:00
3931,111,1,50,8/1/2026,12:51:00
3932,42,1,45,8/1/2026,16:35:00
3933,225,1,90,8/1/2026,17:36:00
3934,42,1,45,8/1/2026,18:36:00
3935,337,1,30,8/1/2026,21:36:00
3936,24,1,180,8/2/2026,20:36:00
3937,4,1,185,8/2/2026,20:37:00
3938,24,1,180,8/2/2026,21:37:00
3939,3,1,480,8/2/2026,22:38:00
3940,687,1,225,7/31/2026,19:39:00
3941,8,1,150,7/31/2026,19:40:00
3942,641,2,15,8/3/2026,19:17:50
3943,179,1,280,8/3/2026,19:18:12
3944,492,2,160,8/3/2026,19:18:26
3945,688,1,350,8/3/2026,19:18:44
3946,119,1,140,8/3/2026,19:19:42
3947,67,1,5,8/3/2026,19:20:01
3948,82,1,70,8/3/2026,19:20:19
3949,689,1,425,8/3/2026,19:21:13
3950,67,1,5,8/3/2026,19:22:22
3951,328,2,10,8/3/2026,19:44:00
3952,439,2,10,8/3/2026,19:45:00
3953,1,1,180,8/3/2026,19:46:00
3954,102,1,270,8/3/2026,22:46:00
3955,31,1,260,8/3/2026,23:47:00
3956,652,2,160,8/3/2026,23:47:02
3957,690,2,6,8/3/2026,23:48:00
3958,157,1,14,8/3/2026,23:49:00
3959,18,2,2,8/3/2026,23:51:00
3960,4,1,185,8/4/2026,23:27:17
3961,6,1,110,8/4/2026,23:27:40
3962,604,2,130,8/4/2026,23:28:06
3963,366,1,210,8/4/2026,23:28:28
3964,68,1,10,8/4/2026,23:28:57
3965,3,1,480,8/6/2026,15:17:21
3966,691,1,170,8/6/2026,15:17:42
3967,417,2,5,8/6/2026,15:19:02
3968,103,3,270,8/6/2026,15:19:55
3969,107,4,2.5,8/6/2026,20:41:08
3970,692,1,45,8/6/2026,20:41:42
3971,77,1,150,8/6/2026,20:42:36
3972,319,1,3,8/5/2026,13:43:00
3973,357,2,120,8/5/2026,15:45:00
3974,156,1,350,8/5/2026,15:47:00
3975,302,2,20,8/5/2026,15:47:00
3976,90,1,110,8/5/2026,15:48:00
3977,26,1,475,8/5/2026,19:49:00
3978,500,1,25,8/5/2026,19:50:00
3979,412,1,150,8/5/2026,20:50:00
3980,82,1,70,8/5/2026,20:50:46
3981,144,1,80,8/5/2026,21:51:00
3982,56,1,30,8/5/2026,21:51:00
3983,82,1,70,8/5/2026,21:52:00
3984,42,1,45,8/5/2026,22:52:00
3985,31,1,260,8/6/2026,23:44:55
3986,3,2,480,8/6/2026,23:45:15
3987,244,1,290,8/7/2026,23:55:08
3988,134,1,150,8/7/2026,23:56:27
3989,100,1,270,8/7/2026,23:57:24
3990,693,1,120,8/7/2026,23:59:21
3991,1,1,180,8/8/2026,20:14:20
3992,400,1,7,8/8/2026,20:14:31
3993,410,2,5,8/8/2026,20:15:09
3994,297,1,140,8/8/2026,20:15:53
3995,311,1,140,8/8/2026,20:16:28
3996,528,2,160,8/8/2026,20:17:26
3997,77,1,150,8/8/2026,20:20:14
3998,69,1,120,8/8/2026,20:20:28
3999,19,1,30,8/8/2026,20:20:49
4000,42,2,45,8/8/2026,20:21:20
4001,42,1,45,8/8/2026,20:21:48
4002,224,1,80,8/8/2026,20:23:26
4003,82,1,70,8/8/2026,23:06:46
4004,51,1,10,8/8/2026,23:07:04
4005,15,1,50,8/9/2026,20:49:00
4006,24,1,180,8/9/2026,21:50:00
4007,467,1,120,8/10/2026,19:50:29
4008,121,2,15,8/10/2026,19:52:14
4009,511,1,15,8/10/2026,19:52:26
4010,694,1,570,8/10/2026,19:52:41
4011,319,2,2.5,8/10/2026,19:53:50
4012,668,1,500,8/10/2026,19:54:10
4013,531,1,65,8/10/2026,19:54:37
4014,11,1,160,8/10/2026,19:55:15
4015,156,2,350,8/10/2026,19:55:31
4016,395,1,130,8/10/2026,19:55:47
4017,512,1,115,8/10/2026,19:52:00
4018,4,1,185,8/11/2026,20:05:18
4019,691,1,175,8/11/2026,20:05:32
4020,4,1,180,8/11/2026,20:05:57
4021,156,1,350,8/11/2026,20:06:10
4022,70,2,5,8/11/2026,20:06:26
4023,505,5,160,8/11/2026,20:07:03
4024,420,5,190,8/11/2026,20:07:30
4025,278,1,15,8/10/2026,23:08:00
4026,147,1,45,8/10/2026,23:09:00
4027,29,1,360,8/11/2026,20:48:00
4028,3,1,480,8/11/2026,22:48:00
4029,254,1,10,8/11/2026,21:49:00
4030,95,1,35,8/11/2026,20:50:00
4031,134,1,150,8/12/2026,15:51:13
4032,695,1,180,8/12/2026,15:51:42
4033,44,2,75,8/12/2026,15:53:07
4034,542,1,150,8/12/2026,15:53:49
4035,480,1,130,8/12/2026,15:54:19
4036,15,1,55,8/12/2026,15:55:09
4037,79,1,60,8/12/2026,15:55:25
4038,70,1,5,8/12/2026,15:55:49
4039,126,1,10,8/12/2026,15:56:06
4040,311,1,145,8/12/2026,15:56:24
4041,608,1,155,8/12/2026,15:56:51
4042,42,1,45,8/12/2026,15:57:35
4043,588,2,150,8/12/2026,15:57:59
4044,660,1,160,8/12/2026,20:11:15
4045,95,2,35,8/12/2026,20:11:42
4046,42,1,45,8/13/2026,14:37:30
4047,340,1,520,8/13/2026,14:37:43
4048,600,2,75,8/13/2026,14:38:00
4049,414,2,75,8/13/2026,14:38:28
4050,118,2,5,8/13/2026,14:39:18
4051,15,1,50,8/13/2026,14:39:31
4052,225,1,90,8/13/2026,14:39:51
4053,102,1,270,8/13/2026,14:40:04
4054,696,1,65,8/13/2026,14:43:40
4055,34,1,80,8/13/2026,14:45:01
4056,13,2,77.5,8/13/2026,14:45:37
4057,69,1,120,8/13/2026,15:16:13
4058,34,1,80,8/13/2026,15:16:27
4059,179,1,330,8/13/2026,23:27:45
4060,102,1,270,8/13/2026,23:28:03
4061,147,1,75,8/13/2026,23:28:16
4062,697,1,240,8/14/2026,14:42:14
4063,299,4,65,8/14/2026,14:44:51
4064,31,1,280,8/14/2026,14:53:26
4065,698,4,55,8/14/2026,14:53:42
4066,158,8,5,8/14/2026,14:58:04
4067,88,8,5,8/14/2026,14:59:18
4068,444,4,10,8/14/2026,16:09:00
4069,42,1,45,8/14/2026,21:10:00
4070,82,1,70,8/14/2026,23:11:00
4071,13,1,80,8/14/2026,23:12:00
4072,42,1,45,8/14/2026,16:13:00
4073,268,1,5,8/14/2026,16:14:00